player_id,nome,username,idade,data_nascimento,genero,cidade,estado,pais,plataforma,genero_jogo,nivel_jogador,data_criacao_conta,horas_jogadas,numero_sessoes,quantidade_compras,valor_gasto,ultimo_acesso
1,Jacqueline Rey,jacqueline.rey1,21,2005-02-22,Feminino,Saint-Etienne-de-Tulmont,OCC,França,PlayStation,Corrida,14,2022-08-25,337.6,425,0,0,2026-08-24
2,Henri Blin,henri.blin2,16,2009-09-02,Masculino,Miélan,OCC,França,PC,Estratégia,13,2023-06-16,310.8,193,0,0,2026-07-19
3,Adele Raimondi,adele.raimondi3,36,1989-09-05,Feminino,Chialamberto,Piedmont,Itália,PlayStation,Aventura,1,2026-03-23,7.9,5,1,4.99,2026-04-06
4,Elisa Casarin,elisa.casarin4,44,1982-03-19,Feminino,Montecalvo Irpino,72,Itália,PC,Aventura,2,2016-03-23,27.8,28,1,19.9,2026-04-01
5,David Benton,david.benton5,45,1981-04-25,Masculino,Marbleton,WY,Estados Unidos,Xbox,Ação,21,2010-09-03,513.7,276,0,0,2026-02-24
6,Graziella Modigliani,graziella.modigliani6,53,1973-04-19,Feminino,Bordano,36,Itália,Xbox,Survival,90,2014-12-18,2231.0,578,0,0,2026-02-19
7,Gabriela Rezende,gabriela.rezende7,24,2001-09-29,Feminino,Cerro Largo,RS,Brasil,PC,Luta,7,2019-06-03,169.6,198,13,398.88,2025-09-13
8,Shannon Montgomery,shannon.montgomery8,35,1990-12-24,Feminino,Monroe North,WA,Estados Unidos,Xbox,Simulação,26,2024-03-01,647.2,573,18,748.29,2026-03-11
9,Fabio Palombi,fabio.palombi9,29,1996-11-05,Masculino,Zerbolò,Lombardy,Itália,PlayStation,Survival,43,2012-05-28,1071.7,424,0,0,2025-12-26
10,Anton Preiß,anton.prei10,22,2004-08-17,Masculino,Dillenburg,Hesse,Alemanha,PlayStation,FPS,3,2020-12-01,74.1,176,0,0,2025-09-15
11,Daniel Lozano,daniel.lozano11,35,1991-03-06,Masculino,Wright-Patterson AFB,OH,Estados Unidos,PlayStation,Simulação,52,2011-01-15,1288.5,1157,9,264.19,2025-10-02
12,Anthony Mullen,anthony.mullen12,48,1978-05-21,Masculino,Three Hills,AB,Canadá,Xbox,Ação,13,2020-05-20,302.6,152,0,0,2026-02-26
13,Charlotte Atkins,charlotte.atkins13,43,1983-07-12,Feminino,Rowlands Gill,ENG,Reino Unido,Xbox,Ação,59,2015-01-20,1461.8,1054,0,0,2025-11-03
14,Diogo Marques,diogo.marques14,49,1977-07-13,Masculino,Pedras de Fogo,PB,Brasil,Xbox,Corrida,39,2012-05-07,958.9,782,0,0,2025-12-23
15,Mauro Arreola,mauro.arreola15,35,1991-08-12,Masculino,San Isidro Monjas,OAX,México,PC,RPG,1,2023-04-08,16.3,5,1,29.9,2025-09-02
16,Kristi Miller,kristi.miller16,26,2000-02-06,Feminino,Maidstone,VIC,Austrália,PC,Esportes,17,2015-01-14,421.7,889,23,768.15,2025-09-20
17,Calvin Trujillo,calvin.trujillo17,54,1972-07-03,Masculino,East Bridgewater,MA,Estados Unidos,PC,Simulação,15,2025-11-07,374.8,104,0,0,2026-05-26
18,Debra Gutierrez,debra.gutierrez18,55,1971-03-22,Feminino,Harlem,GA,Estados Unidos,PlayStation,Esportes,91,2017-09-05,2265.0,1487,18,688.38,2025-10-18
19,Pía Conesa,pia.conesa19,18,2007-12-04,Feminino,Olite-Erriberri,Navarre,Espanha,PlayStation,Esportes,27,2021-07-16,668.2,375,0,0,2025-12-16
20,Rebecca Ross,rebecca.ross20,50,1976-01-09,Feminino,Lawrence,KS,Estados Unidos,PlayStation,FPS,2,2025-11-18,39.6,56,0,0,2026-06-17
21,Albert Johnson,albert.johnson21,27,1998-10-08,Masculino,Akron,IA,Estados Unidos,PlayStation,Esportes,23,2017-02-02,568.4,1080,10,214.36,2026-04-09
22,Vanessa Cipolla,vanessa.cipolla22,50,1976-02-09,Feminino,San Vittore Olona,Lombardy,Itália,Xbox,RPG,6,2011-10-05,125.4,73,0,0,2025-12-30
23,Baldomero Naranjo,baldomero.naranjo23,16,2010-02-07,Masculino,La Pineda,Catalonia,Espanha,Xbox,Ação,1,2026-04-10,2.6,2,1,59.9,2026-04-24
24,João Guilherme Fogaça,joao.guilherme.fogaca24,39,1987-08-10,Masculino,Upanema,RN,Brasil,Xbox,RPG,1,2013-01-05,12.5,12,0,0,2026-06-19
25,Éléonore Laurent,eleonore.laurent25,54,1971-09-15,Feminino,Berson,New Aquitaine,França,Xbox,Aventura,9,2012-01-03,222.4,214,9,149.46,2026-04-08
26,Daniel Heredia,daniel.heredia26,23,2002-09-23,Masculino,Santa Clara Huitziltepec,PUE,México,PC,Estratégia,8,2023-04-13,183.7,84,2,24.8,2026-05-30
27,Gabriel Salmon,gabriel.salmon27,29,1996-09-09,Masculino,Saint-Amand-Longpré,CVL,França,PC,Corrida,38,2022-09-26,937.5,529,0,0,2025-11-24
28,Joseph Bertin,joseph.bertin28,37,1988-11-28,Masculino,Clères,Normandy,França,Xbox,RPG,16,2020-11-28,382.5,247,0,0,2025-11-01
29,Maura Ariosto,maura.ariosto29,35,1991-05-13,Feminino,Tramatza,Sardinia,Itália,PC,RPG,9,2022-07-27,222.5,60,0,0,2026-07-26
30,Leone Odescalchi,leone.odescalchi30,29,1997-07-12,Masculino,Villanova,36,Itália,Xbox,Simulação,39,2023-05-23,965.8,250,0,0,2026-08-30
31,Rosario Bernardi,rosario.bernardi31,44,1981-11-21,Masculino,Palma Campania,72,Itália,PlayStation,Survival,1,2025-06-22,7.8,3,1,9.9,2026-01-16
32,Ettore Mimun,ettore.mimun32,40,1986-08-17,Masculino,Radda in Chianti,Tuscany,Itália,PlayStation,Esportes,48,2014-03-18,1179.9,2464,19,513.37,2026-06-18
33,Kevin Lopez,kevin.lopez33,35,1991-03-27,Masculino,Edgerton,KS,Estados Unidos,PC,Aventura,15,2022-03-22,365.9,192,17,738.48,2026-06-28
34,Édouard Marty,edouard.marty34,27,1998-10-23,Masculino,Lussac-les-Châteaux,New Aquitaine,França,PlayStation,RPG,22,2014-06-19,542.8,277,0,0,2025-10-28
35,Duncan Clark,duncan.clark35,33,1993-06-18,Masculino,Bakewell,ENG,Reino Unido,PC,Esportes,14,2011-10-18,325.7,233,21,608.26,2025-11-17
36,Justin Dominguez,justin.dominguez36,22,2003-10-24,Masculino,East Fremantle,WA,Austrália,PlayStation,Luta,12,2024-11-02,276.7,228,0,0,2025-10-23
37,Raffaello Nonis,raffaello.nonis37,45,1981-07-26,Masculino,Pomigliano d'Arco,72,Itália,PC,Estratégia,2,2026-05-21,27.1,13,1,79.9,2026-05-24
38,Geronimo Sordi,geronimo.sordi38,54,1972-04-21,Masculino,Coazzolo,Piedmont,Itália,Xbox,FPS,25,2012-11-14,603.4,960,0,0,2026-03-07
39,Enzo Gabriel Monteiro,enzo.gabriel.monteiro39,31,1995-08-29,Masculino,Bauru,SP,Brasil,PC,Simulação,35,2014-10-14,863.5,679,5,184.59,2026-01-31
40,Abdul Carr,abdul.carr40,45,1981-07-02,Masculino,Haverigg,ENG,Reino Unido,PC,Survival,2,2013-03-31,36.9,32,0,0,2026-01-30
41,Ehrentraud Beier,ehrentraud.beier41,16,2010-04-17,Feminino,Staad,BW,Alemanha,PC,Estratégia,6,2025-10-12,146.4,51,4,239.6,2026-02-19
42,Clémence Fournier,clemence.fournier42,51,1974-12-03,Feminino,Chanu,Normandy,França,Xbox,Corrida,25,2024-09-04,602.9,394,0,0,2026-07-26
43,Jeanne Lamy,jeanne.lamy43,45,1981-01-21,Feminino,Chalais,New Aquitaine,França,PlayStation,Luta,1,2020-02-25,21.4,43,0,0,2026-02-27
44,Lidwina Eberth,lidwina.eberth44,40,1986-01-31,Feminino,Münzenberg,Hesse,Alemanha,Xbox,RPG,100,2011-02-28,4129.5,1231,16,508.58,2026-02-20
45,Annalisa Gianvecchio,annalisa.gianvecchio45,45,1981-01-26,Feminino,Scampitella,72,Itália,Xbox,Aventura,13,2018-05-14,318.2,177,8,239.47,2025-11-15
46,Ricciotti Boccioni,ricciotti.boccioni46,24,2002-01-13,Masculino,Massignano,The Marches,Itália,Xbox,Ação,66,2021-03-13,1649.8,776,0,0,2026-07-31
47,Xavier Vallet,xavier.vallet47,37,1988-10-02,Masculino,Bois-le-Roi,IDF,França,PlayStation,Luta,21,2013-10-22,506.3,1294,29,852.46,2025-09-19
48,Dulce Ulloa,dulce.ulloa48,40,1986-05-16,Feminino,Colonia Lázaro Cárdenas (Los Hornos),MEX,México,Xbox,FPS,62,2013-05-02,1531.6,1141,18,528.38,2026-07-04
49,Domenico Bruno,domenico.bruno49,31,1995-02-06,Masculino,Poggio Nativo,62,Itália,PC,Ação,2,2023-09-01,27.8,17,0,0,2025-09-15
50,Jacopo Pometta,jacopo.pometta50,53,1973-08-09,Masculino,Arignano,Piedmont,Itália,PC,Estratégia,51,2010-06-08,1272.2,846,0,0,2026-03-02
51,Octavio Munguía,octavio.munguia51,25,2000-10-24,Masculino,Privada del Álamo,HID,México,PlayStation,RPG,47,2020-03-02,1159.1,479,5,204.5,2026-06-21
52,Antonello Almagià,antonello.almagia52,31,1994-09-20,Masculino,Sannazzaro de' Burgondi,Lombardy,Itália,PC,RPG,26,2013-07-08,649.3,538,14,398.69,2025-12-31
53,Maureen Wilcox,maureen.wilcox53,18,2008-03-25,Feminino,Wellsboro,PA,Estados Unidos,PC,Estratégia,10,2022-12-04,245.2,233,7,369.3,2026-05-13
54,Fátima Cueto,fatima.cueto54,20,2005-10-06,Feminino,Tabernas,Andalusia,Espanha,PlayStation,Ação,45,2020-10-06,1116.6,694,0,0,2025-09-15
55,Victor Padilla,victor.padilla55,49,1977-04-28,Masculino,l'Alfàs del Pi,V,Espanha,PlayStation,Ação,42,2016-09-01,1041.6,760,24,797.87,2026-02-04
56,Hanno Gute,hanno.gute56,37,1988-09-15,Masculino,Schöppenstedt,Lower Saxony,Alemanha,PlayStation,Simulação,6,2012-04-22,133.5,116,8,179.38,2025-10-09
57,Ramiro Arredondo,ramiro.arredondo57,47,1979-04-22,Masculino,La Cañada,QUE,México,Xbox,FPS,2,2023-12-07,37.3,83,4,139.6,2026-03-31
58,Declan Evans,declan.evans58,47,1979-03-21,Masculino,Exmouth,ENG,Reino Unido,PC,Esportes,15,2018-01-28,368.7,858,5,99.68,2025-12-16
59,Lorraine Salmon,lorraine.salmon59,52,1974-07-26,Feminino,Saint-Genis-Laval,Rhône-Alpes,França,Xbox,Corrida,12,2020-05-19,296.7,210,0,0,2026-01-08
60,Luigi Cutrufo,luigi.cutrufo60,28,1998-02-21,Masculino,Monzuno,45,Itália,PC,Estratégia,23,2011-11-02,556.5,283,3,114.7,2025-12-21
61,Morgan Thompson,morgan.thompson61,23,2002-12-30,Feminino,Saint-Jacques-le-Mineur,QC,Canadá,Xbox,FPS,1,2021-08-27,11.9,27,1,79.9,2026-08-04
62,Graeme Smith,graeme.smith62,34,1991-09-30,Masculino,Welton,ENG,Reino Unido,PlayStation,RPG,39,2023-01-06,953.5,260,14,273.87,2025-11-09
63,Scott Rojas,scott.rojas63,30,1996-07-02,Masculino,Platteville,CO,Estados Unidos,PlayStation,Ação,73,2013-09-20,1822.6,1482,0,0,2026-03-25
64,William Guilbert,william.guilbert64,32,1994-07-01,Masculino,Cabannes,Provence-Alpes-Côte d'Azur,França,Mobile,MOBA,66,2018-05-09,1649.3,818,17,533.57,2026-08-06
65,Juan Madrigal,juan.madrigal65,39,1986-11-12,Masculino,Mecayapan,Veracruz,México,PlayStation,Simulação,1,2026-01-21,17.8,12,0,0,2026-06-18
66,Burghard Langern,burghard.langern66,27,1999-07-01,Masculino,Heubach,BW,Alemanha,PC,FPS,2,2021-03-28,43.6,74,1,4.99,2026-03-23
67,Susana Carrión,susana.carrion67,32,1993-12-09,Feminino,Grajal de Campos,Castille and León,Espanha,PlayStation,Simulação,1,2026-07-08,20.7,20,0,0,2026-07-31
68,Irma Valdivia,irma.valdivia68,27,1998-10-13,Feminino,San Miguel Cerezo (El Cerezo),HID,México,PC,Luta,68,2020-05-25,1696.8,1132,8,164.38,2025-11-10
69,Bárbara Caldeira,barbara.caldeira69,29,1997-03-09,Feminino,Santa Terezinha do Tocantins,TO,Brasil,PC,Ação,5,2023-11-18,105.5,68,0,0,2026-03-20
70,Melissa Perry,melissa.perry70,33,1992-09-29,Feminino,Kings Grant,NC,Estados Unidos,PC,MOBA,7,2022-01-10,154.1,82,0,0,2026-08-27
71,Luca Ojeda,luca.ojeda71,46,1979-11-29,Masculino,Barda del Medio,R,Argentina,PC,Simulação,72,2013-09-16,1787.2,1233,6,269.58,2026-06-30
72,Gregorio Negrón,gregorio.negron72,44,1982-07-06,Masculino,Guadalupe del Monte,GUA,México,PC,Esportes,24,2021-08-03,577.3,385,0,0,2026-08-03
73,Nanni Chiaramonte,nanni.chiaramonte73,50,1975-10-28,Masculino,Alpo,34,Itália,PlayStation,Simulação,35,2011-04-28,869.6,500,15,418.59,2025-11-13
74,Nicholas Richards,nicholas.richards74,33,1992-12-10,Masculino,Muskego,WI,Estados Unidos,PC,Ação,3,2024-06-16,57.7,26,0,0,2026-06-28
75,Richard Choi,richard.choi75,21,2005-04-02,Masculino,North Conway,NH,Estados Unidos,PC,MOBA,21,2021-04-13,510.6,630,9,224.19,2026-01-20
76,Connie Farmer,connie.farmer76,32,1994-07-13,Feminino,Sylmar,CA,Estados Unidos,PC,Simulação,99,2018-06-02,2465.5,789,0,0,2025-11-26
77,Mayte Maya,mayte.maya77,19,2007-01-03,Feminino,San Ángel,GRO,México,PC,FPS,1,2025-09-01,1.5,1,1,29.9,2026-03-24
78,Aimée Marty,aimee.marty78,26,1999-11-27,Feminino,Ver-sur-Launette,HDF,França,PlayStation,Aventura,13,2021-02-06,304.4,158,14,393.78,2026-06-16
79,Antoinette Grondin,antoinette.grondin79,29,1997-01-08,Feminino,Mantes-la-Ville,IDF,França,PC,Estratégia,100,2014-04-23,2747.5,1172,27,807.48,2025-10-27
80,Winfried Vogt,winfried.vogt80,42,1983-11-21,Masculino,Freiburg,BW,Alemanha,Xbox,RPG,67,2016-05-15,1673.0,476,0,0,2026-05-07
81,Corinne Ledoux,corinne.ledoux81,18,2007-09-11,Feminino,Congénies,OCC,França,Xbox,Survival,71,2022-08-31,1751.7,571,1,4.99,2026-04-26
82,Kevin Dillon,kevin.dillon82,44,1982-05-24,Masculino,Winter Garden,FL,Estados Unidos,Xbox,Simulação,100,2015-03-13,6712.8,1734,0,0,2026-05-09
83,Ubaldo Littizzetto,ubaldo.littizzetto83,36,1990-05-26,Masculino,Arena Po,Lombardy,Itália,PlayStation,Luta,14,2012-09-21,337.6,498,8,199.2,2026-05-17
84,Marvin Greene,marvin.greene84,25,2000-12-27,Masculino,University Park,CA,Estados Unidos,PC,Survival,3,2023-07-31,61.3,33,1,4.99,2025-12-06
85,Vincenza Quasimodo,vincenza.quasimodo85,46,1980-01-26,Feminino,Sarcedo,34,Itália,PC,Estratégia,6,2024-08-19,136.7,145,9,309.19,2026-02-13
86,Marisa Scott,marisa.scott86,16,2009-10-20,Feminino,Parafield Gardens,SA,Austrália,PC,FPS,11,2023-10-21,270.9,316,0,0,2026-05-14
87,Marlies Karge,marlies.karge87,42,1984-02-07,Feminino,Viöl,SH,Alemanha,Xbox,Luta,26,2014-07-06,635.0,1897,21,672.99,2025-10-01
88,Pascale Stey,pascale.stey88,24,2002-06-21,Feminino,Postbauer-Heng,Bavaria,Alemanha,PC,Estratégia,53,2022-02-27,1300.6,730,0,0,2026-07-17
89,Rosmarie Ernst,rosmarie.ernst89,48,1977-10-27,Feminino,Linz am Rhein,RP,Alemanha,PC,RPG,55,2013-12-03,1357.2,490,0,0,2026-05-10
90,Thies Boucsein,thies.boucsein90,42,1984-02-14,Masculino,Plauen,Saxony,Alemanha,Xbox,Luta,6,2018-10-12,139.2,219,0,0,2025-12-27
91,Annunziata Emo,annunziata.emo91,52,1974-04-26,Feminino,Nobile-Monguzzo,Lombardy,Itália,PlayStation,RPG,18,2025-03-01,433.9,163,0,0,2025-12-06
92,Maurice Turnbull,maurice.turnbull92,47,1979-07-01,Masculino,Chipping Ongar,ENG,Reino Unido,PlayStation,Corrida,13,2015-10-27,302.3,301,1,79.9,2026-08-23
93,Oliver Barbosa,oliver.barbosa93,54,1972-08-11,Masculino,Piên,PR,Brasil,PlayStation,Luta,79,2010-05-20,1954.8,1546,11,393.99,2025-12-12
94,Modesto Montaño,modesto.montano94,26,1999-11-29,Masculino,San Juan Guichicovi,OAX,México,PC,Aventura,100,2014-04-28,2559.4,2055,0,0,2026-05-27
95,Tiffany Smith,tiffany.smith95,27,1998-10-04,Feminino,Jacobs Well,QLD,Austrália,PlayStation,Simulação,24,2022-11-21,592.3,152,0,0,2025-11-01
96,James Castillo,james.castillo96,37,1989-08-14,Masculino,Chesapeake,WV,Estados Unidos,PC,Estratégia,40,2022-10-14,980.0,432,13,408.79,2025-12-07
97,Ravy Novais,ravy.novais97,37,1988-12-02,Masculino,Bocaiúva,MG,Brasil,PC,RPG,57,2012-09-02,1411.0,1279,20,483.27,2025-10-21
98,Sherri Fowler,sherri.fowler98,52,1973-11-24,Feminino,Terra Bella,CA,Estados Unidos,PC,Aventura,8,2021-11-20,193.0,177,17,548.48,2026-01-12
99,Susan Heintze,susan.heintze99,26,2000-06-14,Feminino,Fretter,North Rhine-Westphalia,Alemanha,PC,Esportes,6,2026-03-25,141.9,80,0,0,2026-05-01
100,Alana Leão,alana.leao100,54,1972-02-07,Feminino,Santa Ernestina,SP,Brasil,Xbox,Survival,18,2021-05-28,444.9,301,0,0,2025-10-30
101,Filipe Castro,filipe.castro101,23,2003-01-22,Masculino,Sagres,08,Portugal,Xbox,FPS,19,2022-08-22,473.8,243,10,214.27,2025-10-20
102,Rosalia Cassarà,rosalia.cassara102,19,2007-04-14,Feminino,Tor Tre Teste,62,Itália,PC,MOBA,17,2023-09-23,403.4,211,0,0,2026-03-07
103,Ágatha Novaes,agatha.novaes103,43,1983-08-22,Feminino,Júlio Mesquita,SP,Brasil,Xbox,Luta,2,2011-06-23,48.4,106,1,4.99,2026-05-13
104,Carlo Biagiotti,carlo.biagiotti104,48,1977-10-06,Masculino,Spigno Saturnia Superiore,62,Itália,Xbox,Esportes,14,2018-05-11,334.6,500,0,0,2026-04-16
105,Carolina Lima,carolina.lima105,28,1998-08-22,Feminino,Porteiras,CE,Brasil,Xbox,Esportes,16,2022-10-03,379.4,217,0,0,2026-08-21
106,Amy Nelson,amy.nelson106,24,2002-02-16,Feminino,Reed City,MI,Estados Unidos,Mobile,MOBA,9,2020-12-28,215.8,169,0,0,2026-06-06
107,Fidel Rodríguez,fidel.rodriguez107,37,1989-02-13,Masculino,San Andrés Ocotlán,MEX,México,PC,Estratégia,10,2025-06-24,249.4,109,2,24.89,2026-05-24
108,Julien Mary,julien.mary108,42,1984-05-19,Masculino,Saint-Victurnien,New Aquitaine,França,PlayStation,RPG,21,2013-09-06,520.8,344,0,0,2026-05-06
109,Serafín Casárez,serafin.casarez109,37,1988-09-08,Masculino,San Miguel Xoltepec,MEX,México,Xbox,Esportes,100,2011-12-05,2951.4,3312,27,1152.48,2026-03-07
110,Federigo Rosselli,federigo.rosselli110,16,2010-02-14,Masculino,Pramaggiore Blessaglia,34,Itália,PlayStation,Corrida,1,2023-10-20,5.5,12,1,79.9,2025-12-09
111,Robert Mcguire,robert.mcguire111,51,1975-04-01,Masculino,Leakesville,MS,Estados Unidos,Xbox,Luta,3,2024-04-25,53.7,125,0,0,2026-07-24
112,Matthew Boyd,matthew.boyd112,43,1982-09-08,Masculino,Hall Park,OK,Estados Unidos,PC,Esportes,6,2016-06-09,145.8,348,26,762.67,2025-12-12
113,Angela Wiley,angela.wiley113,30,1996-05-23,Feminino,Fairfield Glade,TN,Estados Unidos,Xbox,Corrida,2,2024-12-12,40.2,24,2,64.89,2026-07-07
114,Taylor Anderson,taylor.anderson114,26,2000-01-06,Feminino,Saint-Constant,QC,Canadá,PlayStation,Corrida,7,2015-06-13,161.8,259,25,1172.68,2026-04-16
115,Julie Neveu,julie.neveu115,50,1976-08-17,Feminino,Saint-Laurent-de-Mure,Rhône-Alpes,França,PlayStation,FPS,13,2016-07-04,307.7,269,17,438.39,2026-01-30
116,Yvonne Wu,yvonne.wu116,24,2001-11-19,Feminino,Townline,BC,Canadá,PlayStation,Survival,3,2026-07-02,59.9,20,0,0,2026-08-30
117,Alexei Radisch,alexei.radisch117,30,1995-11-06,Masculino,Waldheim,Lower Saxony,Alemanha,Mobile,MOBA,26,2010-07-23,646.0,724,0,0,2025-10-27
118,Jonathan Colon,jonathan.colon118,50,1976-05-30,Masculino,Kewaskum,WI,Estados Unidos,Xbox,Ação,100,2012-09-13,2910.5,1241,26,817.58,2025-12-19
119,George Dominguez,george.dominguez119,52,1973-10-15,Masculino,Geneva,OH,Estados Unidos,PC,Estratégia,16,2020-08-21,386.0,181,0,0,2026-07-05
120,Lisa Brown,lisa.brown120,35,1991-02-01,Feminino,Frenchville,ME,Estados Unidos,PC,MOBA,3,2020-10-14,59.1,52,2,99.8,2026-02-25
121,Tara Scott,tara.scott121,27,1998-11-18,Feminino,Wayne City,IL,Estados Unidos,PC,Corrida,81,2015-03-07,2004.6,1168,12,364.07,2026-03-06
122,Águeda Rivera,agueda.rivera122,41,1985-08-09,Feminino,Costa Teguise,Canary Islands,Espanha,Xbox,Simulação,100,2010-08-24,8283.4,2233,27,847.48,2025-10-06
123,Élise Guilbert,elise.guilbert123,25,2001-04-28,Feminino,Ménesplet,New Aquitaine,França,PC,Estratégia,13,2024-08-20,316.5,110,0,0,2026-04-16
124,Silvano Correa,silvano.correa124,16,2010-05-11,Masculino,Colonia 28 de Mayo (Santa Rosa),HID,México,PC,Simulação,8,2025-09-15,189.6,57,0,0,2026-06-25
125,Gioacchino Cagnotto,gioacchino.cagnotto125,37,1989-07-20,Masculino,Selargius,Sardinia,Itália,PC,Estratégia,91,2017-09-29,2265.2,807,0,0,2026-08-03
126,Milena Carpaccio,milena.carpaccio126,35,1990-10-07,Feminino,Montale,Tuscany,Itália,Xbox,Luta,2,2017-08-02,27.0,67,5,219.59,2026-03-13
127,Paulina Valentín,paulina.valentin127,23,2003-05-05,Feminino,El Oro de Hidalgo,MEX,México,Mobile,MOBA,7,2020-09-23,169.4,158,9,359.1,2026-07-29
128,Jos Lozano,jos.lozano128,54,1972-03-07,Masculino,General Zuazua,NLE,México,PlayStation,Aventura,100,2014-04-01,3581.0,1448,0,0,2025-10-10
129,Melanie Murillo,melanie.murillo129,18,2008-02-04,Feminino,Prien,LA,Estados Unidos,PlayStation,Survival,3,2023-04-16,50.6,40,1,79.9,2026-05-14
130,Pedro Lucas Martins,pedro.lucas.martins130,24,2002-01-11,Masculino,Cidade Gaúcha,PR,Brasil,PC,Luta,3,2022-08-07,71.2,116,4,159.6,2025-09-18
131,Nada Wende,nada.wende131,24,2002-01-26,Feminino,Guttau,Saxony,Alemanha,PlayStation,Simulação,3,2022-03-04,64.7,56,5,214.5,2025-11-14
132,Petros Vollbrecht,petros.vollbrecht132,24,2002-01-11,Masculino,Lörrach,BW,Alemanha,PC,MOBA,5,2015-05-10,115.6,102,0,0,2025-10-01
133,Romana Marenzio,romana.marenzio133,44,1982-03-02,Feminino,Sabbioneta,Lombardy,Itália,Xbox,Simulação,5,2021-06-02,123.2,108,9,424.1,2026-06-09
134,Estela Segura,estela.segura134,17,2009-03-11,Feminino,Maravillas,AGU,México,Xbox,Luta,12,2023-08-20,297.0,522,27,962.57,2026-01-27
135,Abril Gallegos,abril.gallegos135,34,1992-01-05,Feminino,Totatiche,JAL,México,PlayStation,Esportes,15,2022-06-02,362.5,280,0,0,2026-08-22
136,Kristine Anders,kristine.anders136,30,1995-10-12,Feminino,Kippenheim,BW,Alemanha,Xbox,Corrida,43,2018-05-09,1072.4,1151,11,244.17,2026-01-27
137,Viridiana Camiscione,viridiana.camiscione137,29,1996-11-26,Feminino,Mossa,36,Itália,PlayStation,FPS,14,2023-09-19,337.5,605,18,788.47,2026-02-14
138,Kelli Williams,kelli.williams138,31,1995-05-08,Feminino,Pump Hill,AB,Canadá,Xbox,Corrida,2,2021-02-09,40.4,32,0,0,2026-05-04
139,Henri Delahaye,henri.delahaye139,25,2000-09-13,Masculino,Arcueil,IDF,França,PC,Estratégia,6,2015-08-05,139.4,60,0,0,2026-03-04
140,Gunnar Finke,gunnar.finke140,36,1990-02-02,Masculino,Eichigt,Saxony,Alemanha,PlayStation,Ação,51,2010-03-11,1254.7,567,13,298.88,2025-10-26
141,Travis Taylor,travis.taylor141,27,1998-10-07,Masculino,Walnutport,PA,Estados Unidos,PC,Esportes,5,2025-04-07,120.9,70,3,64.7,2026-08-06
142,Salvador Guerra,salvador.guerra142,26,2000-07-25,Masculino,San José del Tunal,MEX,México,PlayStation,Corrida,5,2020-07-28,110.6,152,11,394.08,2025-10-27
143,Grégoire Royer,gregoire.royer143,16,2010-02-15,Masculino,Bussière-Dunoise,New Aquitaine,França,Xbox,FPS,17,2024-07-02,406.3,235,0,0,2026-04-08
144,Heather Powell,heather.powell144,39,1986-11-02,Feminino,Moravia,NY,Estados Unidos,PlayStation,FPS,16,2022-01-14,393.5,496,0,0,2025-11-05
145,Sébastien Hoareau,sebastien.hoareau145,49,1977-02-04,Masculino,Saint-Christophe-du-Ligneron,Pays de la Loire,França,PC,Aventura,28,2017-11-03,676.1,229,0,0,2026-04-23
146,Carlota Saldaña,carlota.saldana146,47,1978-12-06,Feminino,Aculco de Espinoza,MEX,México,Xbox,Simulação,36,2023-07-20,876.8,230,0,0,2026-04-26
147,Erick Rezende,erick.rezende147,54,1972-08-05,Masculino,Juruena,MT,Brasil,PC,Estratégia,7,2012-05-04,154.9,69,5,249.5,2026-02-25
148,Cristina Verga,cristina.verga148,44,1982-07-19,Feminino,Graffignano,62,Itália,PlayStation,RPG,55,2020-01-03,1363.2,494,4,184.6,2025-10-25
149,Esmeralda Valls,esmeralda.valls149,22,2004-06-26,Feminino,Dehesa de Montejo,Castille and León,Espanha,Mobile,MOBA,48,2017-07-20,1199.5,530,18,513.47,2026-08-31
150,William Marsh,william.marsh150,26,2000-01-31,Masculino,Braman Corners,NY,Estados Unidos,PC,Estratégia,13,2018-04-19,309.9,281,6,99.4,2025-11-05
151,Ashlee Wheeler,ashlee.wheeler151,29,1997-03-16,Feminino,Saint-Jérôme,QC,Canadá,PlayStation,Aventura,6,2025-01-11,142.9,54,1,9.9,2026-01-08
152,Robert Phillips,robert.phillips152,36,1989-11-21,Masculino,Mahtomedi,MN,Estados Unidos,Xbox,Luta,2,2019-11-10,33.7,73,0,0,2026-02-19
153,Hans-Uwe Wiek,hans-uwe.wiek153,34,1992-05-24,Masculino,Visbek,Lower Saxony,Alemanha,Xbox,Corrida,1,2025-07-26,15.5,35,0,0,2026-01-24
154,Guglielmo Dovara,guglielmo.dovara154,25,2001-07-30,Masculino,Altavilla Vicentina,34,Itália,PC,Simulação,5,2019-04-21,102.3,34,0,0,2026-03-10
155,Susan Bazin,susan.bazin155,48,1978-06-07,Feminino,Achiet-le-Grand,HDF,França,PC,Luta,32,2012-02-23,790.1,731,0,0,2026-07-09
156,Nathan Novaes,nathan.novaes156,45,1981-06-24,Masculino,Maratá,RS,Brasil,PC,Estratégia,14,2022-07-13,341.7,130,8,379.2,2025-09-21
157,Alexis Pratt,alexis.pratt157,53,1972-11-08,Masculino,Repentigny,QC,Canadá,Xbox,RPG,23,2020-08-16,553.9,464,0,0,2025-10-20
158,Napoleone Lettiere,napoleone.lettiere158,42,1983-12-24,Masculino,Sant'Angelo del Pesco,67,Itália,Mobile,MOBA,11,2017-03-29,250.0,418,0,0,2026-04-07
159,Sean Chandler,sean.chandler159,22,2004-05-29,Masculino,Rotonda West,FL,Estados Unidos,PC,Aventura,11,2020-02-13,258.8,267,0,0,2025-12-02
160,Hannah Wilkerson,hannah.wilkerson160,29,1997-03-15,Feminino,Opp,AL,Estados Unidos,Xbox,Ação,5,2026-03-31,112.4,61,6,249.4,2026-04-07
161,David Petty,david.petty161,54,1972-04-14,Masculino,Greendale,IN,Estados Unidos,PC,FPS,52,2013-02-21,1299.5,667,20,733.09,2025-10-25
162,Sandra Ramirez,sandra.ramirez162,21,2005-05-09,Feminino,East Broughton,QC,Canadá,Xbox,FPS,9,2022-11-29,221.9,131,1,4.99,2026-06-18
163,Isabela Dias,isabela.dias163,25,2001-04-22,Feminino,Mucajaí,RR,Brasil,Xbox,Aventura,10,2022-06-16,245.3,104,8,194.2,2026-03-14
164,Marine Delmas,marine.delmas164,18,2007-11-01,Feminino,Guidel-Plage,Brittany,França,Xbox,FPS,21,2021-11-09,505.5,710,5,159.5,2025-09-10
165,Luke Sutton,luke.sutton165,25,2001-07-23,Masculino,Salem,UT,Estados Unidos,Xbox,Luta,18,2022-01-21,444.7,692,12,338.89,2026-08-18
166,Maria Isis Duarte,maria.isis.duarte166,44,1982-02-09,Feminino,Anguera,BA,Brasil,PC,Aventura,5,2025-02-16,103.4,42,0,0,2026-03-18
167,Kurt Allen,kurt.allen167,51,1975-07-23,Masculino,Normandin,QC,Canadá,Xbox,Survival,6,2023-05-06,134.6,113,0,0,2025-12-07
168,Jérôme Renard,jerome.renard168,20,2005-09-10,Masculino,Demigny,Bourgogne,França,PlayStation,Simulação,17,2023-01-28,401.6,129,4,184.69,2026-08-16
169,Chus Casals,chus.casals169,32,1993-10-20,Masculino,Fuente de Piedra,Andalusia,Espanha,Xbox,Survival,22,2023-07-16,539.2,517,27,922.57,2026-06-09
170,Antonella Andreotti,antonella.andreotti170,17,2009-02-24,Feminino,Settimo Torinese,Piedmont,Itália,PC,Ação,19,2024-09-02,458.6,367,8,299.2,2026-07-21
171,Roselinde Vogt,roselinde.vogt171,27,1999-06-13,Feminino,Landau an der Isar,Bavaria,Alemanha,Xbox,Ação,100,2013-09-17,2840.0,1247,0,0,2025-11-13
172,Léon Lemonnier,leon.lemonnier172,55,1970-10-25,Masculino,Les Médecins,Provence-Alpes-Côte d'Azur,França,PC,Simulação,84,2021-09-20,2082.9,558,0,0,2026-06-01
173,Marcio Solé,marcio.sole173,24,2002-08-01,Masculino,Canfranc,AR,Espanha,PC,Aventura,9,2015-11-02,204.3,177,7,159.48,2025-10-14
174,Tamara Thanel,tamara.thanel174,53,1972-10-11,Feminino,Ernsgaden,Bavaria,Alemanha,Xbox,Simulação,68,2011-12-05,1675.4,877,0,0,2026-07-02
175,Lidia Cánovas,lidia.canovas175,44,1981-11-22,Feminino,Canals,V,Espanha,PC,Ação,11,2016-03-21,259.0,261,17,658.48,2026-05-24
176,Bernardo Mínguez,bernardo.minguez176,44,1982-03-09,Masculino,Sanxenxo,Galicia,Espanha,PC,Luta,6,2012-04-04,126.2,106,2,49.8,2026-04-28
177,Benito Ruelas,benito.ruelas177,55,1971-08-03,Masculino,Guadalupe Sarabia,PUE,México,PC,Esportes,5,2021-11-17,106.9,141,4,74.69,2025-10-31
178,Daniela Hiller,daniela.hiller178,46,1980-01-29,Feminino,Altdorf bei Nürnberg,Bavaria,Alemanha,PC,Estratégia,71,2016-07-03,1759.3,776,18,443.38,2026-06-08
179,Rigo Berger,rigo.berger179,30,1995-11-04,Masculino,Elsdorf,Lower Saxony,Alemanha,Xbox,Ação,22,2020-03-21,527.3,241,0,0,2025-09-23
180,Luis Ángel Palomo,luis.angel.palomo180,17,2008-10-30,Masculino,Turleque,Castille-La Mancha,Espanha,PlayStation,RPG,1,2026-06-24,7.2,2,0,0,2026-08-03
181,Grace Young,grace.young181,45,1980-12-05,Feminino,Ruabon,Wales,Reino Unido,PlayStation,Aventura,50,2013-01-16,1234.7,718,7,329.3,2026-03-19
182,Heriberto Tormo,heriberto.tormo182,31,1994-10-18,Masculino,Tomelloso,Castille-La Mancha,Espanha,Xbox,Ação,38,2018-06-21,936.4,822,0,0,2025-10-28
183,Elena Federico,elena.federico183,55,1971-04-14,Feminino,Montemurlo,Tuscany,Itália,PlayStation,RPG,58,2017-05-30,1440.1,559,0,0,2025-10-16
184,Pedro Lucas Teixeira,pedro.lucas.teixeira184,19,2006-12-07,Masculino,Peixoto de Azevedo,MT,Brasil,PC,Estratégia,2,2026-03-26,44.4,22,0,0,2026-04-19
185,Giovanni Bompiani,giovanni.bompiani185,16,2010-04-14,Masculino,Albisola Superiore,42,Itália,PC,Corrida,1,2026-07-11,0.9,1,1,79.9,2026-08-10
186,Rosel Dörschner,rosel.dorschner186,51,1974-09-14,Feminino,Carlsberg,RP,Alemanha,PlayStation,Corrida,2,2012-07-10,25.4,22,1,9.9,2025-12-09
187,Anthony Edwards,anthony.edwards187,39,1987-03-26,Masculino,East Peckham,ENG,Reino Unido,PlayStation,Simulação,58,2012-02-17,1429.4,485,0,0,2026-03-03
188,Mariana Comisso,mariana.comisso188,23,2002-10-08,Feminino,Formigara,Lombardy,Itália,Xbox,Luta,15,2019-06-22,371.5,310,28,732.65,2026-03-28
189,Michael Brown,michael.brown189,49,1977-07-11,Masculino,Kununurra,WA,Austrália,Xbox,Simulação,13,2021-03-04,308.6,118,4,149.6,2026-08-02
190,Félix Velasco,felix.velasco190,46,1979-10-21,Masculino,Obejo,Andalusia,Espanha,PC,Ação,42,2012-11-04,1027.4,633,25,842.68,2026-03-27
191,Michael Ramirez,michael.ramirez191,42,1984-05-23,Masculino,Dunkirk,NY,Estados Unidos,PC,Estratégia,100,2014-10-30,4264.9,1462,0,0,2026-03-16
192,Mathilde Da Silva,mathilde.da.silva192,53,1972-12-02,Feminino,Villegouge,New Aquitaine,França,Xbox,Survival,10,2019-11-10,230.8,213,0,0,2026-03-19
193,André Souza,andre.souza193,17,2008-09-02,Masculino,Pedro Teixeira,MG,Brasil,PlayStation,Ação,1,2025-03-27,16.4,7,0,0,2025-10-12
194,María Teresa Gurule,maria.teresa.gurule194,16,2009-12-28,Feminino,Metlac Hernández (Metlac Primero),Veracruz,México,PC,MOBA,2,2025-12-03,49.6,39,2,94.8,2025-12-17
195,Théo Camargo,theo.camargo195,29,1997-04-16,Masculino,Joinville,SC,Brasil,Xbox,FPS,2,2013-10-19,44.7,84,8,189.38,2026-03-22
196,Michael Smith,michael.smith196,26,2000-04-11,Masculino,Nelson,GA,Estados Unidos,Xbox,RPG,79,2020-08-25,1963.8,786,26,1032.67,2026-08-09
197,Anita Manzanares,anita.manzanares197,38,1987-09-04,Feminino,Obón,AR,Espanha,PC,Estratégia,8,2025-09-14,190.0,91,9,374.1,2026-05-02
198,James Floyd,james.floyd198,35,1991-01-14,Masculino,Somerton,AZ,Estados Unidos,Xbox,Simulação,7,2012-03-15,150.7,102,0,0,2026-02-21
199,Erika Manunta,erika.manunta199,16,2010-08-06,Feminino,Pianello del Lario,Lombardy,Itália,Mobile,MOBA,2,2026-05-31,45.2,23,2,69.8,2026-06-12
200,Matthew Harris,matthew.harris200,27,1999-06-09,Masculino,Paducah,TX,Estados Unidos,Xbox,Simulação,36,2021-12-20,876.7,513,0,0,2026-06-28
201,Francisco de Jesús,francisco.de.jesus201,27,1998-10-11,Masculino,El Camarón,OAX,México,PlayStation,Ação,6,2021-05-30,149.5,144,11,558.99,2026-03-05
202,Sara Lee,sara.lee202,23,2003-01-29,Feminino,Covington,LA,Estados Unidos,Mobile,MOBA,3,2025-02-01,68.6,44,0,0,2026-02-19
203,Kristie Atkins,kristie.atkins203,54,1971-12-16,Feminino,Kennesaw,GA,Estados Unidos,PC,FPS,8,2023-05-17,199.5,166,1,39.9,2026-02-22
204,Antony Shah,antony.shah204,52,1974-01-29,Masculino,Gilford,NIR,Reino Unido,PC,Aventura,6,2024-01-01,144.9,61,0,0,2026-01-03
205,Melissa Lourenço,melissa.lourenco205,33,1992-10-28,Feminino,Estômbar,08,Portugal,PlayStation,Survival,65,2011-04-12,1609.9,779,0,0,2025-09-25
206,Ovidio Castrillo,ovidio.castrillo206,42,1983-09-18,Masculino,La Muela,AR,Espanha,PlayStation,FPS,14,2012-08-19,327.5,288,0,0,2026-05-22
207,Leopoldo Peranda,leopoldo.peranda207,33,1992-11-05,Masculino,Montecosaro,The Marches,Itália,PC,Estratégia,69,2019-04-20,1710.2,911,9,334.19,2025-12-20
208,Almudena Girona,almudena.girona208,54,1971-11-13,Feminino,el Bon Pastor,Catalonia,Espanha,Xbox,Survival,22,2011-02-25,534.2,280,0,0,2025-09-13
209,Robert Maillot,robert.maillot209,19,2006-10-02,Masculino,Gironde-sur-Dropt,New Aquitaine,França,PlayStation,RPG,29,2021-05-04,711.0,252,7,299.3,2026-04-06
210,Brittany Avila,brittany.avila210,29,1997-06-09,Feminino,Katonah,NY,Estados Unidos,Xbox,RPG,82,2013-06-16,2028.2,665,13,453.88,2025-12-04
211,Larry Moses,larry.moses211,31,1995-01-24,Masculino,Bernalillo,NM,Estados Unidos,PlayStation,FPS,4,2011-06-22,89.2,160,0,0,2025-12-16
212,Edelbert Ortmann,edelbert.ortmann212,23,2003-08-21,Masculino,Rullstorf,Lower Saxony,Alemanha,PC,Esportes,7,2018-11-22,172.0,158,2,24.89,2025-12-27
213,Amarilis Díez,amarilis.diez213,37,1988-11-14,Feminino,Mendaro,Basque Country,Espanha,PlayStation,Luta,96,2015-04-02,2379.6,1723,25,783.04,2026-08-25
214,Linda Galloway,linda.galloway214,43,1983-01-29,Feminino,Linda,CA,Estados Unidos,PC,Ação,23,2015-02-05,568.0,287,0,0,2026-05-02
215,Michael Smith,michael.smith215,38,1988-04-04,Masculino,Jessup,PA,Estados Unidos,Xbox,Esportes,97,2012-04-07,2408.3,2303,14,363.78,2026-05-31
216,Robert Rodriguez,robert.rodriguez216,26,2000-01-31,Masculino,Marlton,NJ,Estados Unidos,PlayStation,Esportes,8,2023-04-11,196.9,238,0,0,2026-05-01
217,Eloy Quiroga,eloy.quiroga217,27,1999-05-27,Masculino,A Guarda,Galicia,Espanha,PlayStation,Corrida,4,2025-07-08,98.0,74,4,99.6,2026-08-14
218,Esperanza Espinosa,esperanza.espinosa218,53,1973-02-24,Feminino,Colonia Felipe Ángeles,CHH,México,PlayStation,Corrida,11,2021-09-01,258.5,160,4,159.6,2026-05-05
219,Fiorino Mantegazza,fiorino.mantegazza219,54,1972-06-07,Masculino,Corfinio,65,Itália,PC,Simulação,12,2024-11-24,277.4,150,14,388.87,2026-04-03
220,Armando Negrón,armando.negron220,24,2002-02-10,Masculino,Las Mesas,GRO,México,PC,Survival,2,2024-06-28,39.0,12,1,19.9,2025-12-15
221,Emma Harvey,emma.harvey221,20,2005-10-18,Feminino,New Pitsligo,SCT,Reino Unido,PlayStation,Esportes,2,2019-03-18,39.4,38,0,0,2026-05-29
222,Juan Casanova,juan.casanova222,18,2008-08-26,Masculino,Castrillo-Tejeriego,Castille and León,Espanha,PC,MOBA,1,2023-12-06,16.6,17,1,79.9,2026-08-22
223,Hans-Ulrich Dehmel,hans-ulrich.dehmel223,53,1972-10-08,Masculino,Spornitz,MV,Alemanha,PlayStation,Survival,77,2014-05-28,1924.5,671,2,29.8,2026-07-01
224,Liane Bähr,liane.bahr224,33,1993-04-10,Feminino,Langenbogen,Saxony-Anhalt,Alemanha,PlayStation,FPS,4,2023-07-18,82.2,140,0,0,2026-08-02
225,Russell Arnold,russell.arnold225,26,2000-04-25,Masculino,Port LaBelle,FL,Estados Unidos,Xbox,FPS,28,2021-06-27,692.1,604,2,49.8,2026-02-11
226,Jasmine Fletcher,jasmine.fletcher226,22,2004-08-04,Feminino,Brewster Hill,NY,Estados Unidos,PlayStation,Corrida,24,2021-11-26,583.8,368,9,354.1,2026-06-10
227,John Ortiz,john.ortiz227,31,1995-07-06,Masculino,Maldon,VIC,Austrália,Xbox,Survival,5,2015-11-02,123.1,42,3,54.7,2026-05-26
228,Alfonso Sotelo,alfonso.sotelo228,29,1997-07-17,Masculino,Modúbar de la Emparedada,Castille and León,Espanha,Xbox,RPG,9,2013-06-25,220.0,112,3,139.7,2026-06-25
229,Melissa Costa,melissa.costa229,41,1984-11-12,Feminino,Formoso,MG,Brasil,Mobile,MOBA,39,2017-06-06,969.1,1296,0,0,2026-06-28
230,Caroline Cavalcante,caroline.cavalcante230,19,2007-07-21,Feminino,Frei Gaspar,MG,Brasil,PlayStation,Esportes,22,2020-10-05,528.7,558,0,0,2026-07-28
231,Jaime Duque,jaime.duque231,38,1987-10-21,Masculino,San Pedro del Romeral,S,Espanha,PlayStation,Luta,35,2021-11-17,856.2,747,0,0,2026-02-06
232,David Valette,david.valette232,19,2007-01-15,Masculino,Chinon,CVL,França,Xbox,Luta,16,2023-02-03,393.0,449,0,0,2025-09-11
233,Claudia Valier,claudia.valier233,53,1972-12-23,Feminino,Monvalle,Lombardy,Itália,PlayStation,Esportes,11,2015-12-31,267.4,387,0,0,2026-05-20
234,Joshua Gonzalez,joshua.gonzalez234,35,1990-11-19,Masculino,Kirwan,QLD,Austrália,PC,Estratégia,68,2014-11-09,1680.2,781,24,722.96,2025-09-07
235,Veronica Villanueva,veronica.villanueva235,52,1974-09-01,Feminino,Florence,MS,Estados Unidos,Mobile,MOBA,8,2025-07-12,188.6,88,6,359.4,2025-11-11
236,Kimberly Perry,kimberly.perry236,45,1980-09-18,Feminino,Saint Andrews Beach,VIC,Austrália,PlayStation,Esportes,18,2021-01-07,441.8,436,0,0,2026-01-07
237,Alexandrie Merle,alexandrie.merle237,43,1982-10-02,Feminino,Bourg-des-Comptes,Brittany,França,Xbox,FPS,8,2023-12-24,183.1,310,9,174.28,2025-11-23
238,Livia Bixio,livia.bixio238,47,1979-05-20,Feminino,Rocchetta di Vara,42,Itália,PC,Corrida,6,2016-09-04,125.1,213,8,234.47,2025-11-13
239,Karen Burton,karen.burton239,26,2000-07-27,Feminino,Boughton,ENG,Reino Unido,PC,Estratégia,80,2015-09-08,1998.7,1618,27,752.57,2025-11-24
240,Denny Patberg,denny.patberg240,46,1980-03-23,Masculino,Porta Westfalica,North Rhine-Westphalia,Alemanha,PC,Esportes,1,2026-08-24,1.5,1,0,0,2026-08-24
241,Trini Zaragoza,trini.zaragoza241,26,2000-03-22,Feminino,Villanúa,AR,Espanha,PC,RPG,6,2026-01-15,136.7,41,4,99.6,2026-07-03
242,Juana Peralta,juana.peralta242,21,2004-09-03,Feminino,La Cañada,QUE,México,PC,Estratégia,12,2022-04-02,280.5,143,5,44.77,2025-09-08
243,Leandro Costela,leandro.costela243,17,2009-04-03,Masculino,Córrego Novo,MG,Brasil,PlayStation,Corrida,4,2024-01-12,99.2,242,10,259.09,2026-06-24
244,Alberto Ricciardi,alberto.ricciardi244,21,2005-03-08,Masculino,Macchia d'Isernia,67,Itália,Mobile,MOBA,2,2026-04-15,27.7,19,0,0,2026-06-13
245,Anna Baxter,anna.baxter245,21,2005-02-20,Feminino,Portstewart,NIR,Reino Unido,Xbox,Simulação,9,2019-02-18,224.2,167,0,0,2025-12-22
246,Stephanie Berry,stephanie.berry246,34,1992-05-04,Feminino,Leland,NC,Estados Unidos,Xbox,Survival,89,2015-04-27,2218.7,819,0,0,2026-07-05
247,Aenne Möchlichen,aenne.mochlichen247,52,1974-05-07,Feminino,Bitz,BW,Alemanha,PC,Luta,28,2016-06-24,688.7,1192,0,0,2026-01-02
248,Kent Marquez,kent.marquez248,28,1998-02-17,Masculino,Roanoke,IL,Estados Unidos,PlayStation,FPS,4,2012-12-19,99.7,53,0,0,2026-01-23
249,Mark Price,mark.price249,28,1997-09-10,Masculino,Landover,MD,Estados Unidos,PlayStation,Luta,5,2014-11-24,114.9,89,4,79.6,2025-09-25
250,Gioachino Corcos,gioachino.corcos250,17,2009-06-17,Masculino,Squillace,78,Itália,PC,Ação,6,2022-08-02,126.6,56,4,94.69,2026-08-04
251,Delia Fuentes,delia.fuentes251,48,1978-02-18,Feminino,Izamal,YUC,México,PC,Esportes,3,2024-11-18,69.2,41,4,139.6,2025-12-02
252,Gerald Nicholls,gerald.nicholls252,53,1973-07-11,Masculino,Bishops Cleeve,ENG,Reino Unido,PC,Estratégia,2,2023-03-02,37.4,21,2,139.8,2026-06-05
253,Carla Acuña,carla.acuna253,16,2010-04-10,Feminino,San José del Puente,MEX,México,PlayStation,Aventura,1,2023-12-26,5.6,5,1,14.9,2026-05-28
254,Éric Riou,eric.riou254,28,1997-12-21,Masculino,Lapalud,Provence-Alpes-Côte d'Azur,França,PlayStation,Survival,67,2015-02-15,1659.0,849,15,453.59,2026-03-07
255,Maitê Lopes,maite.lopes255,24,2002-06-19,Feminino,Horizonte,CE,Brasil,PlayStation,Ação,40,2023-02-21,977.5,674,0,0,2025-12-13
256,Camilla Torricelli,camilla.torricelli256,28,1998-05-14,Feminino,Cameri,Piedmont,Itália,PC,Ação,91,2018-09-22,2256.8,1296,0,0,2026-03-09
257,Aenne Mies,aenne.mies257,54,1972-08-28,Feminino,Markdorf,BW,Alemanha,Xbox,Aventura,54,2017-05-30,1335.7,681,0,0,2026-07-29
258,Gael Teixeira,gael.teixeira258,46,1980-04-08,Masculino,Santa Mônica,PR,Brasil,Xbox,FPS,44,2012-05-19,1077.0,2296,0,0,2026-07-30
259,Susana Meza,susana.meza259,17,2008-11-19,Feminino,Loma de los Carmona,Veracruz,México,Xbox,Aventura,1,2026-08-21,7.3,3,0,0,2026-08-24
260,Beatriz Trillo,beatriz.trillo260,51,1975-07-01,Feminino,Vileña,Castille and León,Espanha,Xbox,Esportes,20,2022-01-04,476.5,776,27,882.48,2025-11-12
261,Amber Hurley,amber.hurley261,48,1978-04-07,Feminino,Valley City,ND,Estados Unidos,PlayStation,Aventura,74,2017-02-10,1845.7,1207,0,0,2025-11-04
262,Torben Schlosser,torben.schlosser262,40,1986-05-13,Masculino,Grasleben,Lower Saxony,Alemanha,PC,FPS,14,2014-09-27,339.6,206,0,0,2026-04-01
263,Brian Cunningham,brian.cunningham263,46,1980-03-13,Masculino,Dolfield,MD,Estados Unidos,Xbox,Esportes,75,2015-05-09,1854.2,1114,0,0,2025-09-08
264,Colton Murphy,colton.murphy264,50,1976-07-01,Masculino,Cylburn,MD,Estados Unidos,PlayStation,RPG,1,2017-02-10,10.8,3,0,0,2026-04-01
265,Leon Herbert,leon.herbert265,33,1993-02-19,Masculino,Great Yeldham,ENG,Reino Unido,Xbox,Luta,16,2013-06-02,386.0,410,0,0,2026-06-28
266,Alphons Dossetti,alphons.dossetti266,30,1996-03-12,Masculino,Marina San Nicola,62,Itália,Xbox,Ação,39,2019-08-29,969.7,460,0,0,2026-02-22
267,Rebeca Cavalcante,rebeca.cavalcante267,19,2006-12-23,Feminino,Alto Bela Vista,SC,Brasil,PlayStation,Survival,91,2023-03-17,2264.8,628,3,69.7,2026-07-27
268,Alison Brown,alison.brown268,50,1975-11-27,Feminino,Featherstone,ENG,Reino Unido,PC,Estratégia,27,2019-04-27,661.2,366,28,767.92,2025-12-01
269,Theodor Eigenwillig,theodor.eigenwillig269,17,2009-08-12,Masculino,Mainbernheim,Bavaria,Alemanha,PC,FPS,6,2024-10-15,138.5,95,2,39.8,2025-09-08
270,Éric Regnier,eric.regnier270,29,1997-08-15,Masculino,Sassenay,Bourgogne,França,Xbox,Survival,12,2017-09-11,298.1,146,1,14.9,2025-12-01
271,Ninetta Conte,ninetta.conte271,48,1978-01-31,Feminino,Ospitale di Cadore,34,Itália,PC,Estratégia,18,2023-09-24,443.1,315,0,0,2026-08-06
272,Davi Lucas Sousa,davi.lucas.sousa272,34,1992-03-26,Masculino,Cerro Negro,SC,Brasil,PC,Luta,13,2019-05-31,319.6,328,28,1127.56,2025-12-08
273,Veronique Noack,veronique.noack273,33,1993-08-05,Feminino,Medebach,North Rhine-Westphalia,Alemanha,PlayStation,Simulação,17,2015-03-12,417.8,152,6,264.49,2026-06-12
274,Letícia Albuquerque,leticia.albuquerque274,31,1994-11-27,Feminino,Rosário do Ivaí,PR,Brasil,PlayStation,Luta,12,2019-04-07,277.5,410,21,673.26,2026-04-09
275,Tatiana Zurita,tatiana.zurita275,16,2010-03-11,Feminino,Mazuecos,Castille-La Mancha,Espanha,Xbox,Aventura,14,2024-07-30,325.6,312,0,0,2026-01-09
276,Pastora Pereira,pastora.pereira276,29,1997-02-21,Feminino,Mira,Castille-La Mancha,Espanha,Xbox,Corrida,19,2018-07-22,460.6,403,5,194.59,2025-09-08
277,Hans-Gerhard Gertz,hans-gerhard.gertz277,46,1980-03-24,Masculino,Essingen,BW,Alemanha,PlayStation,Ação,40,2021-11-05,987.1,461,14,463.87,2026-01-27
278,Donatella Tirabassi,donatella.tirabassi278,48,1978-07-27,Feminino,Castiglione Tinella,Piedmont,Itália,Xbox,Simulação,2,2026-05-17,33.7,9,0,0,2026-07-21
279,Concha Acuña,concha.acuna279,46,1980-06-28,Feminino,Muñotello,Castille and León,Espanha,Xbox,RPG,1,2024-01-28,23.3,11,1,79.9,2025-09-15
280,Flavio Orellana,flavio.orellana280,23,2003-04-28,Masculino,Milpas Viejas,NAY,México,Xbox,Survival,79,2020-01-07,1966.1,534,0,0,2025-11-21
281,Juan Schmidt,juan.schmidt281,31,1995-05-07,Masculino,Newburyport,MA,Estados Unidos,PlayStation,FPS,22,2015-12-30,528.5,302,29,812.64,2025-10-18
282,Kimberly Rivera,kimberly.rivera282,48,1978-06-12,Feminino,West Odessa,TX,Estados Unidos,PC,Estratégia,4,2013-05-09,90.7,36,2,69.8,2025-10-25
283,Pamela Solano,pamela.solano283,32,1994-05-29,Feminino,Lomas de Romero,PUE,México,Xbox,Luta,1,2025-10-25,15.2,37,1,4.99,2026-02-15
284,Davi Costela,davi.costela284,20,2006-04-27,Masculino,São José do Jacuípe,BA,Brasil,Xbox,RPG,7,2021-12-07,170.8,75,5,259.5,2026-01-25
285,Perla Saavedra,perla.saavedra285,36,1990-04-21,Feminino,Cañada de Bustos,GUA,México,PC,FPS,24,2019-03-27,598.8,588,6,169.58,2026-05-10
286,Gilles Pelletier,gilles.pelletier286,41,1984-12-12,Masculino,Groisy,Rhône-Alpes,França,PlayStation,Ação,25,2012-05-17,602.5,514,12,493.98,2025-09-13
287,Nicolas Marion,nicolas.marion287,25,2001-07-06,Masculino,Bachant,HDF,França,Xbox,RPG,100,2015-05-29,5783.4,1813,22,838.16,2026-08-22
288,Manola Ariño,manola.arino288,49,1977-02-07,Feminino,Valsalabroso,Castille and León,Espanha,PC,Simulação,100,2012-09-02,3460.8,1321,1,14.9,2026-01-30
289,Mateus Cavalcanti,mateus.cavalcanti289,38,1988-02-05,Masculino,São Mateus do Maranhão,MA,Brasil,PC,RPG,5,2013-06-08,114.2,45,2,44.8,2026-06-30
290,James Reynolds,james.reynolds290,55,1971-06-23,Masculino,Forster,NSW,Austrália,PC,Esportes,29,2021-08-06,721.9,734,6,229.4,2025-11-05
291,Alfred Barnett,alfred.barnett291,47,1978-10-08,Masculino,Delton,AB,Canadá,Xbox,Aventura,30,2017-11-24,740.2,336,11,523.9,2025-11-25
292,Elliot Ward,elliot.ward292,26,2000-05-12,Masculino,Kingswinford,ENG,Reino Unido,PC,Simulação,3,2024-04-18,64.9,18,1,19.9,2025-09-05
293,Jason Wade,jason.wade293,31,1995-08-03,Masculino,Treuddyn,Wales,Reino Unido,PC,Ação,14,2024-01-01,330.0,217,2,84.89,2026-03-02
294,Michelle Verdier,michelle.verdier294,29,1997-03-31,Feminino,Charvieu-Chavagneux,Rhône-Alpes,França,PlayStation,Luta,3,2025-07-18,67.6,60,0,0,2026-06-28
295,Michael Williams,michael.williams295,55,1971-01-13,Masculino,Saint James,MD,Estados Unidos,Xbox,RPG,2,2025-08-03,38.6,15,1,79.9,2025-11-02
296,Nicole Hendricks,nicole.hendricks296,45,1981-08-19,Feminino,The Wharf,DC,Estados Unidos,Xbox,RPG,47,2018-03-28,1156.1,787,0,0,2025-11-21
297,Giancarlo Majorana,giancarlo.majorana297,36,1990-08-30,Masculino,Rogoredo-Valaperta-Rimoldo,Lombardy,Itália,PlayStation,RPG,100,2015-11-04,2673.9,1297,24,942.87,2026-07-19
298,Diane Boulay,diane.boulay298,42,1983-11-03,Feminino,Morhange,Grand Est,França,Xbox,Survival,13,2015-11-20,315.9,74,2,99.8,2025-11-11
299,Roger Sauvage,roger.sauvage299,34,1991-11-04,Masculino,Erstein,Grand Est,França,Xbox,FPS,83,2017-08-22,2069.4,1135,20,543.09,2026-03-09
300,Mayte Barbero,mayte.barbero300,53,1973-05-12,Feminino,Pozalmuro,Castille and León,Espanha,Xbox,Esportes,23,2010-02-13,558.6,541,0,0,2025-11-04
301,Augustin Roger,augustin.roger301,46,1980-07-14,Masculino,Gondreville,Grand Est,França,PC,MOBA,7,2013-09-26,156.2,129,0,0,2026-04-08
302,Ashley Dennis,ashley.dennis302,30,1996-07-13,Feminino,Riverton,NJ,Estados Unidos,PlayStation,Aventura,21,2017-07-20,517.0,642,0,0,2026-08-24
303,Benjamin Gimenez,benjamin.gimenez303,42,1984-01-10,Masculino,Hambach,Grand Est,França,PlayStation,FPS,13,2015-12-11,312.7,401,0,0,2025-10-30
304,Christian Young,christian.young304,17,2009-07-25,Masculino,Five Corners,WA,Estados Unidos,PC,Estratégia,3,2025-06-18,53.6,27,2,24.89,2026-07-31
305,Samuel Fernández,samuel.fernandez305,55,1971-07-06,Masculino,A Estrada,Galicia,Espanha,PC,MOBA,77,2015-06-29,1923.9,890,6,239.4,2026-07-05
306,Jessica Todd,jessica.todd306,26,1999-10-01,Feminino,Chester,SC,Estados Unidos,Xbox,Survival,100,2017-10-14,5722.3,1736,23,748.15,2026-05-26
307,Gabriela Gutiérrez,gabriela.gutierrez307,24,2002-06-05,Feminino,Molino de San José,GUA,México,PC,Simulação,1,2026-07-10,22.1,6,0,0,2026-09-01
308,Elliot Patel,elliot.patel308,21,2004-09-29,Masculino,Market Lavington,ENG,Reino Unido,PlayStation,Ação,40,2022-03-01,977.4,404,30,962.45,2026-01-02
309,Ariana Moreira,ariana.moreira309,29,1996-12-06,Feminino,Pinhal Novo,15,Portugal,PlayStation,Esportes,15,2016-05-14,374.7,191,2,109.8,2025-09-10
310,Kelly Mccoy,kelly.mccoy310,29,1996-11-06,Feminino,Hopewell,NJ,Estados Unidos,PlayStation,Aventura,1,2022-11-04,23.0,12,0,0,2026-08-26
311,Paul Ewing,paul.ewing311,26,1999-10-06,Masculino,Metford,NSW,Austrália,Xbox,Simulação,10,2025-12-05,234.0,81,8,269.29,2026-06-20
312,Danilo da Paz,danilo.da.paz312,19,2006-12-08,Masculino,Encanto,RN,Brasil,PC,Estratégia,18,2023-03-16,441.8,478,30,987.36,2026-07-02
313,Jacob Dawson,jacob.dawson313,22,2004-03-10,Masculino,Mountain Ranch,CA,Estados Unidos,PlayStation,Corrida,41,2017-03-24,1015.6,1349,0,0,2025-10-01
314,Christy White,christy.white314,49,1977-08-12,Feminino,Steilacoom,WA,Estados Unidos,Mobile,MOBA,1,2010-12-30,15.1,27,1,14.9,2026-03-19
315,David Russell,david.russell315,22,2004-02-08,Masculino,Thamesford,ON,Canadá,Xbox,Survival,17,2018-03-29,412.8,113,0,0,2026-04-11
316,Antoine Rodrigues,antoine.rodrigues316,52,1974-03-05,Masculino,Torreilles,OCC,França,Xbox,Luta,18,2016-11-15,436.8,444,30,877.18,2026-05-28
317,Robert Haas,robert.haas317,42,1984-05-15,Masculino,Middle Ridge,QLD,Austrália,Xbox,Survival,54,2020-03-21,1332.3,549,0,0,2025-10-22
318,Jeremy Burns,jeremy.burns318,24,2001-10-07,Masculino,Bay Minette,AL,Estados Unidos,Mobile,MOBA,14,2020-12-07,332.7,288,0,0,2026-01-11
319,Marcelle Jacquot,marcelle.jacquot319,52,1973-11-12,Feminino,Aigueperse,Rhône-Alpes,França,Xbox,Esportes,100,2011-03-14,3279.9,2314,0,0,2026-03-16
320,Victoria Henck,victoria.henck320,24,2002-08-05,Feminino,Langenargen,BW,Alemanha,PC,Estratégia,35,2022-01-02,856.1,318,21,768.17,2026-03-06
321,Paca Medina,paca.medina321,21,2004-11-22,Feminino,Gatika,Basque Country,Espanha,PlayStation,RPG,6,2026-03-20,129.0,60,6,309.4,2026-04-02
322,Thies Karge,thies.karge322,30,1996-06-25,Masculino,Ebersberg,Bavaria,Alemanha,PC,Survival,74,2023-12-21,1845.4,523,14,548.78,2026-04-16
323,Suzanne Garcia,suzanne.garcia323,29,1997-03-14,Feminino,Banksia Beach,QLD,Austrália,Xbox,Simulação,100,2020-08-09,4488.6,1128,18,488.47,2025-11-17
324,Danilo Falloppio,danilo.falloppio324,37,1989-04-09,Masculino,Galatina,Apulia,Itália,PC,Estratégia,3,2010-04-01,68.3,72,6,109.4,2026-03-26
325,Brandon Wall,brandon.wall325,17,2009-06-12,Masculino,Warlingham,ENG,Reino Unido,PlayStation,Simulação,3,2025-07-01,55.0,27,2,99.8,2026-04-02
326,Beatriz Ornelas,beatriz.ornelas326,35,1991-06-22,Feminino,Fraccionamiento Laureles Eréndira,Michoacán,México,PlayStation,RPG,27,2022-04-06,660.2,357,0,0,2026-04-04
327,Wally Hoffmann,wally.hoffmann327,32,1994-06-05,Feminino,Süderlügum,SH,Alemanha,Xbox,Corrida,3,2023-03-27,65.9,68,0,0,2025-12-16
328,Julius Jopich,julius.jopich328,49,1977-03-19,Masculino,Tangstedt,SH,Alemanha,Xbox,Corrida,91,2013-04-11,2256.8,2175,1,4.99,2025-11-07
329,Marino Quintanilla,marino.quintanilla329,51,1975-06-27,Masculino,Villalba de los Barros,EX,Espanha,PlayStation,Ação,3,2025-12-15,72.4,81,5,189.5,2026-01-26
330,James Lucero,james.lucero330,45,1980-11-10,Masculino,Villisca,IA,Estados Unidos,Mobile,MOBA,1,2026-06-19,4.5,3,1,4.99,2026-06-21
331,Elizabeth Kelley,elizabeth.kelley331,52,1974-04-08,Feminino,Coopersville,MI,Estados Unidos,PlayStation,Survival,51,2019-11-27,1257.6,541,0,0,2026-03-12
332,Caetana Mendes,caetana.mendes332,36,1990-02-02,Feminino,São João da Talha,Lisbon,Portugal,PC,Estratégia,100,2011-05-26,4384.9,2193,30,847.27,2026-05-05
333,Daria Golgi,daria.golgi333,36,1989-10-02,Feminino,Brusaporto,Lombardy,Itália,Mobile,MOBA,23,2013-12-14,554.9,341,4,59.6,2026-03-25
334,Hannelore Scholl,hannelore.scholl334,22,2004-03-17,Feminino,Bad Hersfeld,Hesse,Alemanha,PC,Aventura,100,2019-06-20,3198.3,1119,3,94.79,2026-02-24
335,Anselmo Lloret,anselmo.lloret335,52,1974-04-25,Masculino,Alhama de Granada,Andalusia,Espanha,PlayStation,Simulação,3,2024-08-05,55.4,33,3,124.79,2026-05-17
336,Robert Johnson,robert.johnson336,31,1995-02-24,Masculino,Belvedere,AB,Canadá,PlayStation,Simulação,5,2013-05-23,105.9,76,7,154.3,2026-05-12
337,Eloá Ramos,eloa.ramos337,32,1994-02-17,Feminino,Tapurah,MT,Brasil,PlayStation,Aventura,21,2016-11-19,506.5,246,24,777.69,2026-01-27
338,Christopher Francis,christopher.francis338,53,1973-07-11,Masculino,D'Iberville,MS,Estados Unidos,PC,MOBA,9,2018-10-17,221.8,115,2,69.8,2025-11-07
339,José María Sauceda,jose.maria.sauceda339,28,1997-12-24,Masculino,Colonia Juárez,OAX,México,PlayStation,RPG,2,2022-03-08,43.7,26,0,0,2026-04-29
340,Jaime Gray,jaime.gray340,18,2008-04-20,Feminino,Novar Gardens,SA,Austrália,PC,Esportes,5,2024-11-28,103.8,126,12,393.98,2026-04-23
341,Rachel Reed,rachel.reed341,21,2005-05-03,Feminino,Kessingland,ENG,Reino Unido,PlayStation,Ação,14,2024-07-25,339.4,243,2,9.98,2026-03-12
342,Christopher Rodriguez,christopher.rodriguez342,44,1982-08-10,Masculino,Wethersfield,CT,Estados Unidos,Xbox,Luta,1,2020-09-17,12.6,10,0,0,2026-08-22
343,Massimo Bajamonti,massimo.bajamonti343,35,1990-12-18,Masculino,Corcolle,62,Itália,PC,Aventura,100,2014-03-18,4400.8,2612,9,234.28,2025-10-28
344,Rodrigo Santillán,rodrigo.santillan344,41,1985-06-11,Masculino,Villa de Cos,ZAC,México,Xbox,Aventura,16,2014-12-21,393.3,132,13,378.79,2026-02-17
345,Astrid Martel,astrid.martel345,46,1980-08-16,Feminino,Hallencourt,HDF,França,PC,Corrida,4,2019-01-10,75.2,140,6,139.4,2026-02-07
346,Tamara Jordan,tamara.jordan346,47,1978-10-09,Feminino,Port Carbon,PA,Estados Unidos,PC,Estratégia,4,2022-11-07,80.7,66,0,0,2026-08-07
347,Leandro Ramos,leandro.ramos347,35,1991-01-08,Masculino,Minaçu,GO,Brasil,Xbox,Aventura,76,2010-12-19,1890.4,1473,2,64.89,2026-06-13
348,Pepe Acuña,pepe.acuna348,21,2004-11-13,Masculino,Cala Millor,Balearic Islands,Espanha,Mobile,MOBA,28,2017-12-16,686.8,835,22,702.98,2025-11-08
349,Renato Collado,renato.collado349,23,2003-05-21,Masculino,Santa Matilde,QUE,México,PC,Survival,6,2024-08-05,125.0,59,3,114.7,2025-09-16
350,Pilar Parra,pilar.parra350,20,2005-11-08,Feminino,Chiaucingo,GRO,México,PC,Survival,25,2022-12-31,608.6,148,0,0,2026-07-07
351,Jessica Rogers,jessica.rogers351,54,1971-10-04,Feminino,Truganina,VIC,Austrália,PlayStation,RPG,8,2017-09-06,192.0,73,0,0,2025-11-19
352,Christopher Phillips,christopher.phillips352,25,2000-09-12,Masculino,Ct 0017,QC,Canadá,Xbox,Survival,65,2018-10-15,1610.0,711,0,0,2025-12-23
353,Irene Barragán,irene.barragan353,51,1975-02-18,Feminino,Candelaria Portezuelo,PUE,México,PC,Ação,7,2020-02-25,158.5,161,15,433.77,2026-02-01
354,Nicolas Siqueira,nicolas.siqueira354,21,2005-07-21,Masculino,Tremedal,BA,Brasil,Mobile,MOBA,1,2024-10-19,19.3,8,1,39.9,2025-09-09
355,Christiane Jacquot,christiane.jacquot355,38,1988-07-17,Feminino,Thésée,CVL,França,PlayStation,FPS,5,2025-02-15,104.4,86,0,0,2026-07-22
356,Giovanni Disdero,giovanni.disdero356,23,2002-12-09,Masculino,Settefrati,62,Itália,PC,Estratégia,60,2016-05-04,1489.0,754,11,289.08,2026-03-12
357,Uta Kobelt,uta.kobelt357,38,1988-07-23,Feminino,Roggentin,MV,Alemanha,PC,Esportes,13,2025-04-19,324.7,231,16,638.58,2025-10-22
358,Felix Quintana,felix.quintana358,44,1982-02-15,Masculino,Kilómetro Noventa y Nueve,CHH,México,PlayStation,Aventura,100,2019-07-14,2609.2,1060,22,693.07,2026-03-31
359,Brian Clark,brian.clark359,36,1989-09-22,Masculino,West Hurley,NY,Estados Unidos,PC,Luta,3,2023-09-15,71.8,80,8,349.2,2026-05-20
360,Joanna Welch,joanna.welch360,32,1993-10-24,Feminino,Minerva,OH,Estados Unidos,PC,Esportes,9,2017-05-29,206.8,287,26,947.85,2026-02-08
361,Donna Scott,donna.scott361,46,1980-02-11,Feminino,Neath,Wales,Reino Unido,PC,MOBA,28,2017-06-04,679.9,324,11,184.17,2025-09-01
362,Claudio Grande,claudio.grande362,36,1989-10-19,Masculino,Belorado,Castille and León,Espanha,PC,Estratégia,3,2026-02-22,60.5,46,2,89.8,2026-06-01
363,Rosie Williams,rosie.williams363,27,1998-09-30,Feminino,Bude,ENG,Reino Unido,PC,Corrida,5,2024-08-29,119.6,80,1,39.9,2025-09-03
364,Steven Houston,steven.houston364,47,1979-05-10,Masculino,Anmore,BC,Canadá,Xbox,Corrida,27,2015-05-22,668.2,492,5,99.5,2026-05-28
365,Anthony Cunha,anthony.cunha365,34,1991-10-30,Masculino,União Paulista,SP,Brasil,Xbox,Luta,13,2015-06-13,318.4,353,16,568.58,2025-11-23
366,Oreste Tamborini,oreste.tamborini366,55,1971-02-14,Masculino,Scopa,Piedmont,Itália,PlayStation,Aventura,36,2016-11-28,899.7,343,0,0,2025-09-02
367,Olalla Alberdi,olalla.alberdi367,34,1992-08-10,Feminino,Pascualcobo,Castille and León,Espanha,PC,Survival,19,2025-08-10,465.3,163,0,0,2026-07-02
368,Jordan Wagner,jordan.wagner368,29,1997-03-29,Feminino,Queensland,AB,Canadá,PlayStation,Esportes,3,2024-04-15,66.9,104,0,0,2026-05-10
369,Nancy Casares,nancy.casares369,42,1983-09-17,Feminino,Allende,Veracruz,México,PlayStation,Esportes,3,2022-08-04,71.3,152,7,194.3,2026-03-26
370,Christopher Weaver,christopher.weaver370,38,1988-02-01,Masculino,Green River,WY,Estados Unidos,PlayStation,Luta,33,2012-08-26,813.6,1660,19,473.37,2026-01-22
371,Joy Harris,joy.harris371,50,1975-10-07,Feminino,West Lynchburg,VA,Estados Unidos,PC,Esportes,11,2021-07-19,251.4,141,2,29.8,2025-11-23
372,Abdul Thies,abdul.thies372,44,1981-11-25,Masculino,Schöllkrippen,Bavaria,Alemanha,PC,Estratégia,20,2021-02-26,490.1,224,14,408.6,2026-06-15
373,Benjamín Ruiz,benjamin.ruiz373,53,1973-03-21,Masculino,Fuentes de Ropel,Castille and León,Espanha,Mobile,MOBA,8,2022-04-03,198.8,265,0,0,2026-01-08
374,Omar Freeman,omar.freeman374,37,1989-01-12,Masculino,Dublin,OH,Estados Unidos,PC,Estratégia,6,2010-09-16,133.0,52,0,0,2026-01-09
375,Nancy Schmiedt,nancy.schmiedt375,28,1997-12-15,Feminino,Pfarrweisach,Bavaria,Alemanha,PlayStation,Luta,12,2024-05-10,289.1,315,4,134.69,2026-04-14
376,Judy Herrera,judy.herrera376,47,1979-06-07,Feminino,Pleasanton,CA,Estados Unidos,PC,FPS,34,2014-02-18,848.9,525,0,0,2026-06-16
377,Florencia Ordóñez,florencia.ordonez377,55,1971-05-06,Feminino,Rinconada,SLP,México,PlayStation,Survival,4,2011-08-19,83.6,33,1,4.99,2025-12-29
378,Olivier Berger,olivier.berger378,39,1987-07-08,Masculino,Les Houches,Rhône-Alpes,França,Xbox,Simulação,25,2021-04-18,610.6,504,26,802.94,2026-08-16
379,María Pilar Alcalde,maria.pilar.alcalde379,25,2001-03-29,Feminino,La Adrada,Castille and León,Espanha,Xbox,Ação,3,2024-11-11,54.0,39,2,94.8,2026-07-26
380,Cecília Nogueira,cecilia.nogueira380,33,1992-10-04,Feminino,Amontada,CE,Brasil,PlayStation,FPS,4,2023-04-07,96.9,115,9,254.28,2026-02-01
381,Pellegrino Carriera,pellegrino.carriera381,37,1989-04-10,Masculino,Vedano Olona,Lombardy,Itália,Xbox,Corrida,11,2022-06-10,271.8,177,0,0,2026-08-17
382,Brett Dixon,brett.dixon382,26,1999-12-12,Masculino,Schoolcraft,MI,Estados Unidos,PC,MOBA,6,2013-12-15,146.7,243,0,0,2025-12-06
383,Raffaella Innocenti,raffaella.innocenti383,21,2004-10-01,Feminino,Macomer,Sardinia,Itália,PlayStation,RPG,2,2018-09-15,35.8,14,1,4.99,2026-06-04
384,François David,francois.david384,55,1970-11-04,Masculino,Orchies,HDF,França,Xbox,Survival,74,2013-02-14,1830.9,1055,10,284.18,2026-03-27
385,Marcela Alcántar,marcela.alcantar385,27,1999-07-05,Feminino,Banderas,Veracruz,México,PC,Survival,40,2014-02-05,991.8,360,0,0,2026-06-07
386,Thomas Harris,thomas.harris386,51,1975-02-02,Masculino,Kalkaska,MI,Estados Unidos,PlayStation,FPS,7,2023-01-09,159.9,106,7,324.3,2025-11-26
387,Shirley Boyer,shirley.boyer387,23,2002-12-31,Feminino,Moura,QLD,Austrália,PlayStation,Ação,19,2018-01-16,465.4,391,0,0,2026-03-15
388,Martina Garcia,martina.garcia388,44,1982-06-28,Feminino,Villa Atamisqui,G,Argentina,PC,Ação,8,2024-03-17,193.9,163,2,34.8,2026-07-11
389,Caleb Carvalho,caleb.carvalho389,30,1995-12-19,Masculino,Teofilândia,BA,Brasil,Xbox,Corrida,4,2025-10-28,90.0,114,8,189.38,2025-11-25
390,Antonella Niscoromni,antonella.niscoromni390,34,1992-07-20,Feminino,Porano,55,Itália,PC,RPG,13,2022-07-18,308.9,187,0,0,2026-07-28
391,Christopher Henry,christopher.henry391,46,1980-04-28,Masculino,Clinton,IL,Estados Unidos,PC,Aventura,7,2024-03-30,152.2,130,0,0,2026-02-15
392,Hélène Potier,helene.potier392,25,2001-04-23,Feminino,Plancher-les-Mines,Bourgogne,França,PlayStation,RPG,17,2019-08-15,423.5,304,0,0,2026-01-02
393,William Rodriguez,william.rodriguez393,48,1978-02-19,Masculino,Sheidow Park,SA,Austrália,PlayStation,RPG,1,2025-11-08,11.5,6,1,29.9,2026-08-12
394,Lavínia Moura,lavinia.moura394,23,2003-08-10,Feminino,Guaribas,PI,Brasil,PlayStation,Simulação,17,2023-10-03,410.3,174,0,0,2026-06-04
395,Vincent Benoit,vincent.benoit395,50,1975-11-29,Masculino,Issoudun,CVL,França,PlayStation,Ação,71,2015-01-02,1762.1,2512,0,0,2025-10-25
396,Carlo Kruschwitz,carlo.kruschwitz396,37,1989-04-24,Masculino,Schöneck,Saxony,Alemanha,PlayStation,FPS,3,2019-01-19,65.5,116,0,0,2026-01-11
397,Luc Teixeira,luc.teixeira397,40,1985-09-08,Masculino,Cornas,Rhône-Alpes,França,PC,RPG,100,2019-11-20,4396.2,1204,30,1022.45,2026-07-10
398,Luiza Dias,luiza.dias398,54,1971-11-06,Feminino,Cabo de Santo Agostinho,PE,Brasil,PC,Aventura,100,2014-06-23,3037.4,2100,4,174.6,2026-08-20
399,Felipa Gargallo,felipa.gargallo399,47,1979-08-11,Feminino,Sanchidrián,Castille and León,Espanha,PlayStation,Luta,3,2018-11-26,56.0,150,8,114.56,2025-10-17
400,Harri Schleich,harri.schleich400,54,1972-05-20,Masculino,Asendorf,Lower Saxony,Alemanha,PlayStation,Survival,58,2013-05-10,1428.1,355,13,478.7,2025-09-12
401,Anabel Ontiveros,anabel.ontiveros401,25,2001-06-05,Feminino,Santa Cruz Huitziltepec,PUE,México,Xbox,Luta,41,2020-01-20,1013.3,1034,0,0,2026-05-23
402,Davi da Luz,davi.da.luz402,28,1998-05-04,Masculino,Santo Afonso,MT,Brasil,PC,Esportes,36,2018-01-13,891.5,672,2,49.8,2025-11-12
403,Nicolas Riou,nicolas.riou403,27,1998-12-28,Masculino,Bourg-de-Thizy,Rhône-Alpes,França,PC,Aventura,47,2014-11-26,1160.3,527,16,583.58,2026-01-19
404,Flavia Bernardini,flavia.bernardini404,39,1986-12-19,Feminino,Santa Marinella,62,Itália,Xbox,Aventura,9,2018-08-06,204.0,162,2,59.8,2026-02-16
405,Paula Morrow,paula.morrow405,38,1988-06-03,Feminino,Ramseur,NC,Estados Unidos,Xbox,Luta,4,2012-12-22,78.0,86,0,0,2025-09-18
406,Mathias Jungfer,mathias.jungfer406,21,2004-09-27,Masculino,Owingen,BW,Alemanha,PC,Estratégia,1,2020-06-22,2.0,1,0,0,2026-06-11
407,Henry Gabriel Sales,henry.gabriel.sales407,38,1988-03-23,Masculino,Ressaca Nova Esperança,AP,Brasil,Xbox,Luta,88,2013-09-14,2191.6,1516,0,0,2025-11-11
408,Gordon Edwards,gordon.edwards408,27,1999-08-15,Masculino,Heysham,ENG,Reino Unido,Xbox,Survival,51,2018-08-02,1265.2,432,15,468.95,2026-06-26
409,Henrique Caldeira,henrique.caldeira409,18,2008-02-28,Masculino,Dom Feliciano,RS,Brasil,PlayStation,FPS,1,2026-08-02,1.1,1,0,0,2026-08-26
410,Laurent Goncalves,laurent.goncalves410,27,1999-03-10,Masculino,Montreuil-aux-Lions,HDF,França,PC,Estratégia,14,2023-03-03,332.3,194,0,0,2026-06-18
411,Clinton Ward,clinton.ward411,18,2007-12-03,Masculino,Melrose Park,NSW,Austrália,Xbox,Esportes,36,2022-08-03,883.8,503,0,0,2025-11-15
412,Cory Wu,cory.wu412,46,1980-07-29,Masculino,Orangeville,NSW,Austrália,PlayStation,Luta,48,2019-03-15,1182.9,1663,0,0,2025-09-06
413,Leoncio Conde,leoncio.conde413,45,1981-08-13,Masculino,Avinyonet del Penedès,Catalonia,Espanha,PlayStation,Aventura,93,2017-07-08,2320.9,918,5,134.59,2026-06-15
414,Linda Lopez,linda.lopez414,41,1984-10-13,Feminino,Clearfield,UT,Estados Unidos,Xbox,RPG,100,2012-04-26,4109.2,1687,0,0,2026-02-17
415,Donald Moore,donald.moore415,19,2006-10-13,Masculino,Davis,CA,Estados Unidos,Mobile,MOBA,15,2023-06-16,358.8,200,19,613.28,2026-03-20
416,Rémy Guibert,remy.guibert416,32,1993-10-30,Masculino,Aschères-le-Marché,CVL,França,Xbox,Esportes,15,2019-07-06,372.9,188,0,0,2025-10-30
417,Maureen Griffiths,maureen.griffiths417,25,2000-09-14,Feminino,Woodside,ENG,Reino Unido,PC,Estratégia,28,2024-04-02,687.6,417,29,742.55,2026-04-04
418,Alexandre Lebrun,alexandre.lebrun418,54,1972-01-12,Masculino,Hirtzbach,Grand Est,França,PlayStation,Survival,57,2014-11-30,1415.0,359,0,0,2026-04-14
419,Reina Martinez,reina.martinez419,35,1990-12-25,Feminino,el Camp d'en Grassot i Gràcia Nova,Catalonia,Espanha,PC,MOBA,28,2020-08-23,677.5,276,0,0,2025-09-11
420,Franco Coardi,franco.coardi420,16,2009-12-24,Masculino,Moncucco Torinese,Piedmont,Itália,PC,RPG,16,2025-07-13,395.2,136,0,0,2026-08-05
421,Leticia Prieto,leticia.prieto421,36,1990-01-02,Feminino,Nuevo Pacayal,CHP,México,PC,RPG,6,2023-08-31,144.4,48,4,149.6,2025-09-10
422,Barbara Guariento,barbara.guariento422,51,1974-11-08,Feminino,Calliano,32,Itália,PlayStation,RPG,9,2025-04-18,201.0,178,0,0,2026-08-08
423,Gregory Fischer,gregory.fischer423,21,2005-02-09,Masculino,Dracut,MA,Estados Unidos,PC,Estratégia,25,2019-03-02,619.5,239,22,702.8,2026-03-09
424,David Brown,david.brown424,27,1999-07-20,Masculino,West Canton,NC,Estados Unidos,PC,Simulação,18,2021-12-16,437.6,307,0,0,2026-08-16
425,Matthieu Diallo,matthieu.diallo425,51,1975-09-01,Masculino,Varzy,Bourgogne,França,PlayStation,Aventura,49,2018-09-15,1210.4,1121,22,523.16,2026-07-04
426,Arthur Novaes,arthur.novaes426,30,1995-09-08,Masculino,Ilha Comprida,SP,Brasil,Xbox,Corrida,9,2022-10-02,222.7,485,0,0,2026-03-05
427,Océane Hubert,oceane.hubert427,32,1993-09-18,Feminino,Cimiez,Provence-Alpes-Côte d'Azur,França,PC,Survival,100,2017-01-01,5878.8,1439,0,0,2026-01-26
428,Gioffre Solimena,gioffre.solimena428,21,2005-08-23,Masculino,Roaschia,Piedmont,Itália,PC,Aventura,1,2025-08-19,18.4,18,1,79.9,2026-08-18
429,Nathaniel Stafford,nathaniel.stafford429,44,1982-01-01,Masculino,Morris Park,NY,Estados Unidos,Mobile,MOBA,91,2014-03-13,2265.8,1146,0,0,2026-07-28
430,Claudio Travaglia,claudio.travaglia430,44,1981-09-03,Masculino,Pressana,34,Itália,PlayStation,Aventura,6,2016-07-11,146.6,168,9,179.37,2025-09-20
431,Daniel Davis,daniel.davis431,44,1982-01-08,Masculino,Jacinto City,TX,Estados Unidos,Xbox,Luta,82,2013-03-08,2043.2,2032,30,1027.36,2025-11-04
432,Aurore Meunier,aurore.meunier432,43,1983-03-19,Feminino,Seignosse,New Aquitaine,França,Mobile,MOBA,5,2020-12-09,119.1,235,0,0,2026-04-26
433,Mohammad Roberts,mohammad.roberts433,46,1980-07-23,Masculino,Hereford,ENG,Reino Unido,PlayStation,Luta,20,2015-03-09,477.1,655,12,273.89,2026-07-11
434,Robert Harrison,robert.harrison434,44,1981-10-27,Masculino,Bluff Point,WA,Austrália,PlayStation,Survival,1,2024-05-26,11.9,3,1,39.9,2026-08-13
435,Jérôme Teixeira,jerome.teixeira435,32,1994-04-30,Masculino,Francheleins,Rhône-Alpes,França,PlayStation,FPS,38,2011-01-31,932.2,1507,11,338.99,2025-11-15
436,Lidwina Schwital,lidwina.schwital436,26,1999-10-20,Feminino,Dettingen an der Erms,BW,Alemanha,PlayStation,Esportes,27,2013-11-03,654.9,512,14,488.69,2026-04-01
437,Liliana Castiglione,liliana.castiglione437,45,1981-07-05,Feminino,Felino,45,Itália,PC,MOBA,59,2015-11-22,1472.5,1440,23,818.06,2026-02-02
438,Joseph Cain,joseph.cain438,37,1989-02-15,Masculino,Bakers Hill,WA,Austrália,Xbox,Luta,61,2010-06-07,1520.2,1675,23,573.15,2025-10-26
439,Flor Carvalho,flor.carvalho439,43,1983-01-19,Feminino,Afurada de Baixo,13,Portugal,Xbox,Ação,16,2021-01-27,391.1,212,12,443.98,2025-12-22
440,Anthony Sousa,anthony.sousa440,30,1996-03-06,Masculino,Vieirópolis,PB,Brasil,PC,MOBA,1,2026-08-19,2.1,1,1,29.9,2026-08-20
441,Isabel Coelho,isabel.coelho441,18,2007-11-27,Feminino,Valadares,13,Portugal,PlayStation,Survival,62,2020-12-27,1543.2,1160,0,0,2026-01-05
442,Lori Patterson,lori.patterson442,46,1980-08-20,Feminino,West York,PA,Estados Unidos,PlayStation,Aventura,15,2017-07-24,354.7,328,0,0,2025-10-21
443,Michelle Johnston,michelle.johnston443,24,2001-10-08,Feminino,Remington,IN,Estados Unidos,Xbox,FPS,37,2015-04-02,910.8,457,15,498.5,2026-07-05
444,Sara Porter,sara.porter444,20,2006-06-29,Feminino,Aurora,MO,Estados Unidos,PlayStation,Survival,13,2025-01-30,305.6,82,3,119.7,2026-06-20
445,Ascensión Monreal,ascension.monreal445,35,1990-12-13,Feminino,Hermigua,Canary Islands,Espanha,PC,Ação,34,2016-02-11,828.5,382,25,697.86,2025-12-19
446,Gilberto Valles,gilberto.valles446,40,1985-10-06,Masculino,Juan Jacobo Torres [Bodega de Totontepec],Veracruz,México,PlayStation,RPG,100,2022-04-14,2822.8,719,22,488.16,2026-04-14
447,Julio César Esquibel,julio.cesar.esquibel447,49,1976-11-22,Masculino,San Antonio Tariácuri,Michoacán,México,Xbox,Esportes,22,2014-11-23,546.9,363,15,523.59,2026-08-28
448,Alex Laine,alex.laine448,32,1994-05-23,Feminino,Savonnières,CVL,França,PC,Esportes,48,2017-04-14,1182.8,998,0,0,2026-03-02
449,Olegario Mulet,olegario.mulet449,45,1980-12-01,Masculino,Rillo,AR,Espanha,PC,MOBA,93,2016-10-04,2322.3,1505,30,1002.27,2026-03-03
450,Camila Lopez,camila.lopez450,45,1981-07-11,Feminino,Suncho Corral,G,Argentina,PlayStation,RPG,2,2019-07-03,49.6,18,1,19.9,2026-01-31
451,Roque Villa,roque.villa451,19,2007-04-24,Masculino,Peñalsordo,EX,Espanha,PC,Corrida,12,2024-04-12,291.3,189,14,493.96,2026-05-14
452,John Harrison,john.harrison452,46,1980-05-01,Masculino,Virginia City,NV,Estados Unidos,PC,Ação,34,2021-08-04,846.5,357,0,0,2025-11-12
453,Christophe Georges,christophe.georges453,19,2007-08-18,Masculino,L'Étang-la-Ville,IDF,França,PlayStation,Survival,13,2024-11-08,314.4,74,7,204.39,2026-05-23
454,Andrés Contreras,andres.contreras454,31,1995-01-15,Masculino,Popola,YUC,México,PlayStation,Esportes,14,2016-02-17,326.8,253,20,633.27,2025-11-28
455,Tanya Meza,tanya.meza455,51,1974-12-08,Feminino,Allendale,AB,Canadá,PlayStation,Corrida,3,2016-05-06,62.4,88,1,4.99,2025-10-19
456,Serpil Kambs,serpil.kambs456,33,1993-04-17,Feminino,Laudenbach,Bavaria,Alemanha,PlayStation,FPS,13,2020-12-15,321.3,174,15,408.59,2026-06-03
457,Zehra Seifert,zehra.seifert457,21,2005-07-06,Feminino,Untersiemau,Bavaria,Alemanha,PlayStation,Esportes,8,2019-07-15,199.4,173,12,553.98,2026-06-03
458,Melina Morandini,melina.morandini458,53,1973-06-03,Feminino,Fossacesia,65,Itália,Xbox,Simulação,59,2014-01-16,1468.8,1059,25,607.77,2026-04-14
459,Amalia Rojas,amalia.rojas459,37,1989-01-14,Feminino,Zoquiopan,PUE,México,PlayStation,Ação,6,2021-11-11,136.5,64,0,0,2026-08-16
460,Arthur Lévy,arthur.levy460,46,1980-04-15,Masculino,Guermantes,IDF,França,Xbox,Simulação,17,2012-10-01,415.1,153,2,14.89,2026-04-15
461,María Morera,maria.morera461,46,1979-12-04,Feminino,Sant Feliu de Pallerols,Catalonia,Espanha,PC,Estratégia,2,2026-01-01,34.7,38,1,19.9,2026-06-04
462,Merche Hernández,merche.hernandez462,38,1988-03-22,Feminino,Roales,Castille and León,Espanha,Xbox,Luta,5,2018-04-07,117.2,118,0,0,2026-06-06
463,Mariusz Freudenberger,mariusz.freudenberger463,43,1982-10-25,Masculino,Ersingen,BW,Alemanha,Mobile,MOBA,7,2023-02-07,174.9,282,0,0,2026-07-30
464,Patrick Joly,patrick.joly464,16,2009-12-09,Masculino,Bitche,Grand Est,França,Xbox,Aventura,14,2024-06-07,330.1,142,0,0,2026-01-01
465,Louis Lemonnier,louis.lemonnier465,21,2005-03-21,Masculino,Brives-Charensac,Rhône-Alpes,França,PC,Survival,25,2021-11-28,610.6,443,29,1017.28,2026-02-04
466,Lisa Floyd,lisa.floyd466,24,2001-11-01,Feminino,Littlerock,CA,Estados Unidos,PC,Corrida,16,2023-09-11,399.9,311,0,0,2026-05-24
467,Stefania Borromini,stefania.borromini467,20,2006-05-31,Feminino,Cisano Bergamasco,Lombardy,Itália,PlayStation,Ação,11,2023-02-16,274.3,147,13,458.88,2025-09-25
468,Ilonka Schulz,ilonka.schulz468,40,1986-05-29,Feminino,Kierspe,North Rhine-Westphalia,Alemanha,Xbox,Aventura,17,2017-05-24,403.2,320,0,0,2026-03-22
469,Thiago Lionel Carrizo,thiago.lionel.carrizo469,31,1995-02-12,Masculino,Caimancito,Y,Argentina,PC,Corrida,6,2019-11-25,141.8,185,0,0,2025-10-28
470,Gerhard Binner,gerhard.binner470,24,2001-10-25,Masculino,Scheden,Lower Saxony,Alemanha,Xbox,Luta,7,2025-05-29,159.2,133,6,229.4,2025-10-01
471,Odalis Roig,odalis.roig471,43,1983-03-08,Feminino,Vícar,Andalusia,Espanha,PC,MOBA,3,2023-07-21,64.8,60,3,119.7,2026-05-30
472,Angela Johnson,angela.johnson472,18,2007-09-30,Feminino,Louisdale,NS,Canadá,Xbox,FPS,38,2022-04-22,930.5,541,0,0,2026-07-20
473,Heinz-Jürgen Knappe,heinz-jurgen.knappe473,21,2005-02-03,Masculino,Großlittgen,RP,Alemanha,PlayStation,Corrida,1,2023-06-28,19.3,15,1,19.9,2026-07-18
474,Erick Guerra,erick.guerra474,44,1982-05-30,Masculino,Sobrado,PB,Brasil,PC,Ação,2,2024-03-07,26.3,22,1,39.9,2026-08-23
475,Peter Potts,peter.potts475,44,1982-08-16,Masculino,Calcot,ENG,Reino Unido,PC,MOBA,1,2025-09-27,4.4,4,1,4.99,2026-08-22
476,Clarice Aparecida,clarice.aparecida476,19,2007-04-11,Feminino,Parnarama,MA,Brasil,PlayStation,Esportes,19,2024-11-19,450.8,304,19,583.55,2026-07-01
477,Maria Julia Montenegro,maria.julia.montenegro477,31,1995-05-06,Feminino,Aragominas,TO,Brasil,PlayStation,Corrida,6,2024-06-23,125.3,87,0,0,2026-06-16
478,Janin Gerlach,janin.gerlach478,30,1996-01-19,Feminino,Wesel,North Rhine-Westphalia,Alemanha,Mobile,MOBA,100,2010-02-14,3195.7,1435,12,468.8,2026-02-15
479,Karin Hölzenbecher,karin.holzenbecher479,46,1980-06-24,Feminino,Haldenwang,Bavaria,Alemanha,PlayStation,Luta,6,2018-06-01,135.4,341,0,0,2026-06-14
480,Gustavo Pereira,gustavo.pereira480,43,1983-08-15,Masculino,Alvinlândia,SP,Brasil,PC,Corrida,10,2017-08-26,249.2,487,0,0,2026-07-22
481,Heather Talbot,heather.talbot481,25,2001-04-28,Feminino,Kirkcudbright,SCT,Reino Unido,PlayStation,Aventura,28,2017-02-21,688.1,470,11,239.26,2026-08-17
482,Patrick Dominguez,patrick.dominguez482,32,1994-08-02,Masculino,Jeffries Point,MA,Estados Unidos,Xbox,RPG,92,2013-11-29,2294.9,582,0,0,2026-06-23
483,Xavier Freitas,xavier.freitas483,32,1993-09-20,Masculino,Ulgueira,Lisbon,Portugal,Xbox,Survival,100,2020-01-02,2814.0,693,28,807.47,2025-11-27
484,Kayla Hopkins,kayla.hopkins484,51,1974-09-30,Feminino,Enfield,NS,Canadá,PC,MOBA,2,2026-05-21,37.3,33,2,19.8,2026-06-30
485,Vitor Gabriel Jesus,vitor.gabriel.jesus485,36,1990-06-21,Masculino,Juripiranga,PB,Brasil,Xbox,Ação,2,2016-04-19,35.4,33,2,39.8,2026-07-15
486,Tilly Schuster,tilly.schuster486,52,1973-10-30,Feminino,Hohenpeißenberg,Bavaria,Alemanha,PC,FPS,7,2012-06-23,153.4,94,0,0,2026-06-07
487,Simonetta Argan,simonetta.argan487,25,2000-11-30,Feminino,Ludriano,Lombardy,Itália,Xbox,Aventura,31,2020-05-22,761.5,325,0,0,2026-01-05
488,Natividad Guzmán,natividad.guzman488,28,1998-08-04,Feminino,Zacazonapan,MEX,México,PlayStation,Survival,30,2023-03-05,737.1,382,18,433.38,2026-02-12
489,Augustin Duhamel,augustin.duhamel489,39,1987-06-29,Masculino,Leers,HDF,França,PlayStation,RPG,78,2016-06-26,1935.8,954,0,0,2025-10-13
490,Emily Wagner,emily.wagner490,16,2010-01-20,Feminino,Petrolia,ON,Canadá,PC,Aventura,13,2025-04-06,301.1,198,11,358.99,2025-11-04
491,Paulo Correia,paulo.correia491,52,1974-07-06,Masculino,Catalão,GO,Brasil,PlayStation,Esportes,35,2016-02-04,871.9,897,0,0,2026-02-22
492,Jesse Cabrera,jesse.cabrera492,44,1982-03-25,Masculino,Ballarat North,VIC,Austrália,PlayStation,Survival,100,2014-06-24,3280.6,1024,0,0,2026-04-15
493,James Hunter,james.hunter493,33,1993-04-16,Masculino,East Rochester,NY,Estados Unidos,Xbox,Corrida,100,2014-02-06,4166.9,2321,8,304.2,2026-03-31
494,Colleen Anderson,colleen.anderson494,31,1995-06-25,Feminino,Butler Beach,FL,Estados Unidos,Xbox,Survival,2,2025-07-02,36.3,14,1,79.9,2026-03-04
495,Michael Johnson,michael.johnson495,32,1994-08-08,Masculino,Doonside,NSW,Austrália,Xbox,Aventura,100,2011-11-01,3995.5,1416,8,129.38,2026-01-26
496,Victoria Thomas,victoria.thomas496,45,1980-10-22,Feminino,Reno,TX,Estados Unidos,PlayStation,Esportes,15,2012-05-02,366.5,244,3,69.7,2025-10-25
497,Dante Garrone,dante.garrone497,26,2000-08-05,Masculino,Guardialfiera,67,Itália,PC,Estratégia,14,2014-08-06,340.8,188,0,0,2026-01-29
498,Jessica Hester,jessica.hester498,54,1972-06-23,Feminino,Searingtown,NY,Estados Unidos,PC,Simulação,100,2017-02-12,6556.6,1954,27,817.57,2025-10-28
499,Eric Spencer,eric.spencer499,17,2009-01-12,Masculino,Magherafelt,NIR,Reino Unido,PlayStation,Simulação,13,2025-04-11,309.0,93,9,174.46,2026-02-03
500,Arnaldo Almagià,arnaldo.almagia500,55,1971-01-13,Masculino,Cupramontana,The Marches,Itália,Xbox,Survival,9,2024-07-30,220.3,80,1,29.9,2026-07-27
501,Alain Dupuy,alain.dupuy501,32,1993-10-25,Masculino,Bellegarde,OCC,França,PlayStation,Corrida,17,2011-11-05,406.1,364,20,578.27,2025-10-11
502,Carlos Eduardo Vieira,carlos.eduardo.vieira502,42,1984-05-08,Masculino,Rio Branco do Ivaí,PR,Brasil,PlayStation,Aventura,52,2017-05-20,1297.1,539,16,463.85,2026-06-16
503,José Maestas,jose.maestas503,45,1981-07-18,Masculino,María Lombardo de Caso,OAX,México,PlayStation,Aventura,100,2010-11-12,3422.3,2558,30,872.45,2025-09-15
504,Gilles Schmitt,gilles.schmitt504,25,2000-11-02,Masculino,Gerstheim,Grand Est,França,PlayStation,Ação,1,2022-07-09,23.5,16,1,59.9,2025-09-07
505,Antony Aragão,antony.aragao505,35,1990-11-22,Masculino,Virgolândia,MG,Brasil,Mobile,MOBA,22,2017-08-18,528.6,414,27,897.48,2026-02-04
506,Berthold Müller,berthold.muller506,53,1972-12-10,Masculino,Schwalbach,Hesse,Alemanha,PlayStation,Corrida,9,2018-01-11,215.8,166,11,413.99,2026-05-19
507,Ashley Logan,ashley.logan507,17,2009-07-31,Feminino,North Pekin,IL,Estados Unidos,PC,Simulação,15,2023-05-20,367.0,154,0,0,2026-07-19
508,Guy Bonnin,guy.bonnin508,46,1979-09-27,Masculino,Hirsingue,Grand Est,França,PC,Estratégia,9,2024-06-12,212.2,86,7,239.39,2025-11-16
509,Matthew Pena,matthew.pena509,22,2004-07-04,Masculino,East Pepperell,MA,Estados Unidos,PC,Estratégia,1,2025-06-24,15.1,17,0,0,2026-05-10
510,Paulina Rizzo,paulina.rizzo510,23,2003-07-08,Feminino,Lenno,Lombardy,Itália,PlayStation,Ação,34,2024-06-03,831.8,454,3,199.7,2026-02-09
511,James Marsh,james.marsh511,21,2005-03-21,Masculino,Saint Regis Park,KY,Estados Unidos,PlayStation,Survival,1,2026-02-20,19.3,12,1,39.9,2026-06-22
512,Stefania Kostolzin,stefania.kostolzin512,26,2000-07-19,Feminino,Kalkhorst,MV,Alemanha,Xbox,RPG,1,2026-07-27,17.1,5,1,29.9,2026-08-27
513,Guy Lewis,guy.lewis513,38,1988-02-27,Masculino,Newborough,ENG,Reino Unido,PC,Survival,100,2011-04-11,2478.0,937,22,687.98,2026-02-08
514,Krystal Lawrence,krystal.lawrence514,50,1975-10-25,Feminino,Shepherd,MI,Estados Unidos,PC,Simulação,3,2018-01-08,74.5,34,0,0,2025-12-16
515,Piersanti Tamburello,piersanti.tamburello515,52,1973-12-24,Masculino,Vigonzone,Lombardy,Itália,Xbox,Survival,1,2022-11-10,21.3,21,2,44.8,2026-08-27
516,Yeni Jáquez,yeni.jaquez516,40,1986-04-04,Feminino,Iquinuapa,TAB,México,Mobile,MOBA,3,2026-04-04,74.3,56,5,194.59,2026-07-14
517,Alana Azevedo,alana.azevedo517,16,2010-01-27,Feminino,Torrinha,SP,Brasil,PC,Estratégia,1,2026-07-28,8.5,10,0,0,2026-08-09
518,Alexandria Rousset,alexandria.rousset518,39,1987-05-21,Feminino,Exincourt,Bourgogne,França,PC,Corrida,12,2020-08-18,289.4,192,2,49.8,2025-11-17
519,Pascual Terrón,pascual.terron519,22,2004-05-24,Masculino,Barruelo de Santullán,Castille and León,Espanha,Mobile,MOBA,9,2017-07-10,208.1,103,5,219.59,2026-07-19
520,Bryan Leão,bryan.leao520,45,1981-07-16,Masculino,Santana,BA,Brasil,PlayStation,FPS,10,2011-02-07,240.3,350,0,0,2026-05-18
521,Jayne King,jayne.king521,17,2009-05-01,Feminino,Jersey Farm,ENG,Reino Unido,Xbox,Esportes,4,2025-09-09,76.1,39,0,0,2026-02-19
522,Justin Clark,justin.clark522,37,1989-05-01,Masculino,Knottsville,KY,Estados Unidos,Xbox,Aventura,4,2025-08-31,93.0,115,8,189.29,2025-10-14
523,Daniel Moreau,daniel.moreau523,47,1979-01-16,Masculino,Schirrhein,Grand Est,França,PC,Corrida,68,2011-05-17,1676.3,938,4,34.78,2026-04-22
524,Honoré Picard,honore.picard524,24,2002-06-05,Masculino,Les Artigues-de-Lussac,New Aquitaine,França,Xbox,Survival,41,2018-01-13,1007.5,993,0,0,2026-08-23
525,Arif Warmer,arif.warmer525,48,1978-04-12,Masculino,Ilfeld,Thuringia,Alemanha,Mobile,MOBA,48,2016-04-18,1181.2,783,0,0,2026-07-18
526,Christel Weller,christel.weller526,25,2001-01-21,Feminino,Garding,SH,Alemanha,PlayStation,Ação,3,2018-10-28,59.0,65,0,0,2025-12-17
527,Derek Bray,derek.bray527,45,1980-11-03,Masculino,Farmville,NC,Estados Unidos,Xbox,Luta,12,2020-10-03,298.9,257,0,0,2025-12-08
528,Amanda Khan,amanda.khan528,54,1972-04-17,Feminino,Level Green,PA,Estados Unidos,Xbox,Simulação,56,2015-12-25,1392.7,485,17,608.66,2026-04-28
529,Joseph Brun,joseph.brun529,32,1993-11-09,Masculino,Pessac,New Aquitaine,França,PC,Luta,1,2023-10-06,10.5,8,1,4.99,2026-01-11
530,Mercedes Díaz,mercedes.diaz530,49,1977-02-28,Feminino,Hueyapan de Ocampo,Veracruz,México,Xbox,Corrida,5,2013-08-03,106.7,207,0,0,2026-06-10
531,David Holmes,david.holmes531,36,1989-11-19,Masculino,Canton,IL,Estados Unidos,PlayStation,Survival,5,2018-05-12,106.5,28,0,0,2026-01-29
532,Bárbara Carvalho,barbara.carvalho532,39,1987-05-26,Feminino,Conselheiro Lafaiete,MG,Brasil,PlayStation,Ação,23,2019-01-04,570.4,385,1,29.9,2026-06-05
533,Katherine Hill,katherine.hill533,47,1979-01-30,Feminino,Brendale,QLD,Austrália,PC,Ação,61,2010-03-23,1512.8,686,0,0,2025-12-31
534,Richard Padilla,richard.padilla534,39,1987-07-18,Masculino,Greendale,BC,Canadá,PlayStation,Luta,1,2012-11-08,15.7,50,5,124.59,2026-03-08
535,Janet Hardin,janet.hardin535,26,2000-03-14,Feminino,Dunnville,ON,Canadá,PC,FPS,6,2023-04-29,140.9,313,0,0,2026-02-06
536,André Garnier,andre.garnier536,32,1994-01-16,Masculino,Saint-Genest-Malifaux,Rhône-Alpes,França,Xbox,Corrida,9,2023-03-06,209.7,242,0,0,2025-12-25
537,Gerardo Valenzuela,gerardo.valenzuela537,32,1994-02-23,Masculino,San Sebastián,PUE,México,PC,Esportes,8,2015-02-27,196.8,291,0,0,2026-07-29
538,Marc Costa,marc.costa538,43,1982-10-01,Masculino,Viennay,New Aquitaine,França,Xbox,Survival,5,2026-01-15,105.2,25,0,0,2026-03-06
539,Joana Martins,joana.martins539,21,2004-09-06,Feminino,Oleiros,05,Portugal,Xbox,Corrida,26,2022-02-24,641.8,593,12,353.98,2026-05-02
540,Honoré Lacroix,honore.lacroix540,54,1972-03-26,Masculino,Mandeure,Bourgogne,França,Xbox,Luta,16,2023-10-16,397.7,286,0,0,2026-04-16
541,Arnulfo Nonis,arnulfo.nonis541,51,1974-09-26,Masculino,Sanfront,Piedmont,Itália,PlayStation,Aventura,29,2023-08-03,701.0,269,0,0,2025-12-15
542,Agnès Chevallier,agnes.chevallier542,32,1994-02-21,Feminino,Saint-Amans-Soult,OCC,França,PlayStation,Simulação,7,2010-10-28,163.0,138,11,348.9,2026-08-18
543,Jean Lejeune,jean.lejeune543,39,1986-10-15,Masculino,Villar-Saint-Pancrace,Provence-Alpes-Côte d'Azur,França,PC,Simulação,10,2022-10-06,240.8,126,0,0,2025-10-30
544,Mechthilde Seidel,mechthilde.seidel544,30,1995-09-05,Feminino,Beeskow,BB,Alemanha,PlayStation,Aventura,30,2018-05-22,743.1,357,27,797.57,2026-06-21
545,Isabel Gomez,isabel.gomez545,33,1993-07-30,Feminino,El Galpón,A,Argentina,PC,RPG,7,2025-03-21,173.9,126,2,79.8,2026-09-01
546,Leslie Avery,leslie.avery546,52,1973-11-15,Feminino,Rock Creek,MN,Estados Unidos,PC,Estratégia,50,2015-08-17,1241.5,1454,13,523.7,2026-05-23
547,María del Carmen Avilés,maria.del.carmen.aviles547,54,1972-01-10,Feminino,Buenavista Tetela,PUE,México,PC,Estratégia,100,2013-01-17,2891.0,2646,24,582.96,2026-03-29
548,João Gabriel Freitas,joao.gabriel.freitas548,39,1987-04-30,Masculino,Juazeiro do Piauí,PI,Brasil,Xbox,FPS,22,2014-07-22,531.5,278,0,0,2026-06-17
549,Ernesto Armendáriz,ernesto.armendariz549,53,1972-10-05,Masculino,El Águila,CHP,México,Xbox,Survival,34,2012-08-26,833.3,426,10,254.09,2026-06-22
550,Eduardo Ojeda,eduardo.ojeda550,28,1998-01-26,Masculino,Ixhuatán,CHP,México,PlayStation,Esportes,2,2015-06-07,48.7,114,0,0,2026-07-17
551,Maya Duarte,maya.duarte551,21,2005-03-16,Feminino,Benevides,PA,Brasil,PlayStation,Ação,39,2022-02-26,965.4,431,0,0,2026-02-09
552,Manuel Montes,manuel.montes552,31,1995-08-07,Masculino,Freehold,NJ,Estados Unidos,PlayStation,Simulação,100,2015-04-24,3375.8,1662,17,383.57,2026-02-12
553,Nikolaos Köster,nikolaos.koster553,48,1978-04-28,Masculino,Gröningen,Saxony-Anhalt,Alemanha,PlayStation,Corrida,6,2023-05-21,126.6,163,4,154.6,2025-09-21
554,Juana Enríquez,juana.enriquez554,35,1991-07-22,Feminino,Teúl de González Ortega,ZAC,México,Xbox,Esportes,11,2013-04-26,267.2,662,21,688.26,2026-03-02
555,Samantha Spencer,samantha.spencer555,22,2004-07-03,Feminino,Highview,KY,Estados Unidos,PlayStation,Aventura,35,2021-07-13,857.7,341,29,862.37,2026-04-06
556,Manuella Caldeira,manuella.caldeira556,34,1991-11-24,Feminino,Nova Pádua,RS,Brasil,PC,Luta,1,2022-04-20,17.0,33,0,0,2026-01-23
557,Sébastien Lecoq,sebastien.lecoq557,35,1990-11-15,Masculino,Quincy-Voisins,IDF,França,PC,Ação,12,2014-09-15,275.8,383,0,0,2026-07-01
558,Mary Garcia,mary.garcia558,39,1986-09-05,Feminino,South Toms River,NJ,Estados Unidos,PlayStation,Simulação,12,2023-12-21,283.8,173,0,0,2026-04-20
559,Haroldo Pozuelo,haroldo.pozuelo559,35,1991-08-01,Masculino,Paterna del Río,Andalusia,Espanha,PC,Survival,13,2025-04-14,308.9,69,5,109.68,2026-04-25
560,Nicole Romero,nicole.romero560,39,1987-03-04,Feminino,Garden Home-Whitford,OR,Estados Unidos,PC,MOBA,8,2025-05-15,198.7,166,0,0,2025-11-02
561,Antoinette Köhler,antoinette.kohler561,43,1983-08-29,Feminino,Heimsheim,BW,Alemanha,PlayStation,Survival,5,2016-09-23,105.7,35,0,0,2026-01-29
562,Catalina Gonzalez,catalina.gonzalez562,28,1998-04-09,Feminino,Nueve de Julio,J,Argentina,PlayStation,Luta,3,2018-02-13,73.8,149,0,0,2026-08-23
563,Sabine Wesack,sabine.wesack563,52,1974-07-22,Feminino,Hausen,Bavaria,Alemanha,PC,MOBA,89,2017-03-03,2210.6,1024,0,0,2025-11-19
564,Sven Killer,sven.killer564,43,1983-05-22,Masculino,Müncheberg,BB,Alemanha,Xbox,Survival,99,2012-08-06,2453.0,638,30,877.27,2025-09-28
565,Gregor Buchholz,gregor.buchholz565,28,1997-11-27,Masculino,Münstermaifeld,RP,Alemanha,PlayStation,Simulação,3,2012-07-11,64.3,47,0,0,2026-02-24
566,Isabella Bartoli,isabella.bartoli566,54,1971-11-09,Feminino,Appignano del Tronto,The Marches,Itália,PC,Survival,5,2016-10-19,117.3,46,1,14.9,2026-02-16
567,Eduardo Olivera,eduardo.olivera567,29,1997-06-29,Masculino,El Perelló,V,Espanha,PC,Estratégia,5,2023-05-12,102.7,126,1,19.9,2026-05-25
568,Allen Turner,allen.turner568,33,1993-02-10,Masculino,Mid-Govans,MD,Estados Unidos,PC,Luta,3,2014-01-10,61.9,168,0,0,2025-10-22
569,Bruno Pavón,bruno.pavon569,25,2000-09-05,Masculino,Cantiveros,Castille and León,Espanha,PlayStation,Simulação,49,2016-06-07,1221.5,396,26,877.58,2025-09-13
570,Frank Brown,frank.brown570,45,1980-12-12,Masculino,Denville,NJ,Estados Unidos,PC,Ação,8,2025-01-11,192.9,156,12,279.07,2026-08-13
571,Françoise Maillot,francoise.maillot571,53,1973-04-17,Feminino,Ruy,Rhône-Alpes,França,PC,Estratégia,87,2013-04-13,2169.3,1697,15,503.68,2026-07-02
572,Adalberto Caballero,adalberto.caballero572,42,1984-07-03,Masculino,San Pedro y San Pablo Tequixtepec,OAX,México,PC,Simulação,9,2025-12-07,208.5,68,5,159.5,2026-05-24
573,Donna Kaur,donna.kaur573,52,1974-02-18,Feminino,Pelsall,ENG,Reino Unido,Xbox,Survival,100,2016-08-23,5427.2,1726,10,394.18,2025-12-15
574,Brian Donnelly,brian.donnelly574,38,1988-02-23,Masculino,Cheam,ENG,Reino Unido,PC,Aventura,18,2012-02-20,437.9,293,0,0,2025-12-22
575,Leticia Canales,leticia.canales575,26,1999-09-26,Feminino,La Erradura,OAX,México,PC,Aventura,45,2019-11-13,1124.8,823,0,0,2026-02-19
576,Nathan Stone,nathan.stone576,45,1981-01-12,Masculino,Pine Beach,NJ,Estados Unidos,PC,Simulação,23,2019-02-27,550.9,149,0,0,2026-07-25
577,Kelly Smith,kelly.smith577,23,2002-12-03,Feminino,West Henrietta,NY,Estados Unidos,Xbox,Corrida,1,2026-04-22,4.4,6,0,0,2026-08-30
578,Frank Cross,frank.cross578,32,1993-12-23,Masculino,Balham,ENG,Reino Unido,PlayStation,Aventura,8,2020-12-22,190.8,98,0,0,2026-03-11
579,Esther da Conceição,esther.da.conceicao579,26,2000-08-26,Feminino,Jardim Helena,SP,Brasil,Xbox,Simulação,15,2021-05-28,373.6,190,0,0,2026-04-14
580,Julio Nieto,julio.nieto580,50,1976-03-19,Masculino,Zacoalpan,GRO,México,PlayStation,Survival,24,2023-10-02,582.6,159,0,0,2025-09-13
581,Michel Munoz,michel.munoz581,16,2009-12-08,Masculino,Saint-Cyr-l'École,IDF,França,PlayStation,FPS,2,2025-11-18,41.1,46,0,0,2026-02-25
582,Leslie Gomez,leslie.gomez582,49,1977-08-19,Feminino,Homer,IL,Estados Unidos,PC,RPG,84,2018-04-02,2089.4,565,0,0,2026-07-22
583,Ezio Novaro,ezio.novaro583,55,1970-09-24,Masculino,Pontinvrea,42,Itália,Xbox,Ação,100,2012-11-09,2973.0,2907,0,0,2026-01-04
584,Nicholas Owens,nicholas.owens584,19,2007-03-16,Masculino,Huntsville,AR,Estados Unidos,PC,Estratégia,10,2024-08-26,240.3,117,2,109.8,2025-09-21
585,Celia Rodarte,celia.rodarte585,32,1993-12-06,Feminino,Carmen,NLE,México,Xbox,Simulação,8,2024-12-12,186.8,121,2,19.89,2026-04-10
586,Yasmin Silva,yasmin.silva586,35,1991-08-26,Feminino,Santa Mônica,PR,Brasil,PlayStation,Luta,7,2019-12-10,150.6,170,4,84.6,2026-04-26
587,Grégoire Cousin,gregoire.cousin587,35,1990-11-21,Masculino,Turckheim,Grand Est,França,PC,Luta,45,2014-11-19,1104.5,792,0,0,2026-02-10
588,Gustavo Correa,gustavo.correa588,35,1991-02-09,Masculino,Mecayapan,Veracruz,México,Xbox,Corrida,12,2017-01-25,293.8,732,0,0,2025-09-25
589,Luis English,luis.english589,44,1981-10-05,Masculino,Poquonock Bridge,CT,Estados Unidos,PC,FPS,5,2025-12-03,111.1,77,1,9.9,2026-05-02
590,Matthew Cruz,matthew.cruz590,24,2001-09-17,Masculino,Roxburgh Park,VIC,Austrália,Mobile,MOBA,45,2018-05-29,1121.5,860,1,9.9,2025-09-01
591,Brendan Brady,brendan.brady591,33,1992-12-10,Masculino,Wahiawā-Whitmore,HI,Estados Unidos,PC,Estratégia,34,2018-04-24,828.7,413,0,0,2025-12-09
592,Robert Collier,robert.collier592,30,1996-08-09,Masculino,Hacienda Heights,CA,Estados Unidos,PC,Estratégia,2,2022-03-12,27.6,14,1,29.9,2025-10-23
593,Pamela Anthony,pamela.anthony593,47,1979-02-20,Feminino,Lufkin,TX,Estados Unidos,PC,Esportes,69,2010-08-06,1702.9,1778,0,0,2025-11-01
594,Josué Barros,josue.barros594,36,1990-01-06,Masculino,São José da Safira,MG,Brasil,PlayStation,RPG,51,2018-08-28,1261.4,523,0,0,2025-10-11
595,Sedat Patberg,sedat.patberg595,32,1994-04-05,Masculino,Rimschweiler,RP,Alemanha,PC,Luta,1,2025-11-15,5.1,5,0,0,2026-04-02
596,Azeglio Zola,azeglio.zola596,29,1997-05-25,Masculino,San Martino,34,Itália,PlayStation,Survival,98,2014-10-07,2444.8,557,23,857.97,2026-07-26
597,Terry Barnes,terry.barnes597,39,1987-08-22,Masculino,Humboldt Hill,CA,Estados Unidos,Xbox,Esportes,100,2010-04-08,3515.7,2082,0,0,2026-08-25
598,Pamela Graham,pamela.graham598,49,1977-08-22,Feminino,Prospect Park,NJ,Estados Unidos,Xbox,Corrida,25,2014-01-28,621.3,766,0,0,2026-03-06
599,Zacharie Bonnet,zacharie.bonnet599,26,2000-04-07,Masculino,Plouguin,Brittany,França,Xbox,Simulação,100,2023-03-07,2714.3,704,0,0,2025-12-25
600,María Belén Sierra,maria.belen.sierra600,32,1994-08-19,Feminino,Escobosa de Almazán,Castille and León,Espanha,PC,Estratégia,100,2014-03-09,3054.6,1524,0,0,2026-06-10
601,Sofia Perez,sofia.perez601,34,1992-08-12,Feminino,General Roca,X,Argentina,Xbox,FPS,100,2019-05-05,2970.2,1491,0,0,2026-03-02
602,Elaine Thomas,elaine.thomas602,26,2000-01-17,Feminino,Worcester,ENG,Reino Unido,PlayStation,Ação,12,2017-01-03,296.9,242,19,558.19,2025-12-05
603,Horacio Camacho,horacio.camacho603,42,1983-12-15,Masculino,Santa Ana Tlachiahualpa,MEX,México,PC,FPS,100,2016-05-26,4337.0,2218,0,0,2026-08-09
604,Shelley Walker,shelley.walker604,50,1975-10-20,Feminino,Wright,FL,Estados Unidos,PlayStation,Survival,43,2010-12-17,1069.8,436,3,79.79,2026-07-03
605,Carol Stanley,carol.stanley605,32,1994-02-09,Feminino,Polmont,SCT,Reino Unido,PlayStation,Aventura,5,2015-12-04,112.3,101,9,224.46,2026-08-06
606,Paz Hoyos,paz.hoyos606,37,1988-11-21,Feminino,Beires,Andalusia,Espanha,Xbox,Survival,10,2024-09-29,230.9,92,0,0,2026-03-10
607,Sabine Lopes,sabine.lopes607,20,2006-04-28,Feminino,Ménétrol,Rhône-Alpes,França,PC,Esportes,17,2020-01-11,402.0,218,0,0,2026-08-18
608,Goffredo Veltroni,goffredo.veltroni608,53,1973-02-26,Masculino,Lemna,Lombardy,Itália,PlayStation,Esportes,1,2023-02-13,24.1,23,1,9.9,2026-04-23
609,Kelly Robinson,kelly.robinson609,48,1978-04-17,Feminino,Huber Heights,OH,Estados Unidos,PlayStation,Simulação,20,2013-10-30,488.5,297,18,568.56,2026-05-31
610,Joanna Weber,joanna.weber610,18,2008-08-18,Feminino,Springerville,AZ,Estados Unidos,PC,Corrida,12,2024-04-09,286.7,326,0,0,2026-08-30
611,Benjamin Wagner,benjamin.wagner611,41,1984-10-07,Masculino,Rozay-en-Brie,IDF,França,PC,Estratégia,79,2011-12-29,1965.7,932,19,598.28,2026-05-31
612,Bruni Meyer,bruni.meyer612,40,1986-06-17,Feminino,Rhens,RP,Alemanha,Mobile,MOBA,93,2020-12-05,2302.3,997,0,0,2026-04-10
613,Sarah Nascimento,sarah.nascimento613,33,1992-10-01,Feminino,Tamandaré,PE,Brasil,PC,Simulação,28,2015-07-28,699.0,214,14,398.78,2026-02-03
614,Edith Johann,edith.johann614,47,1978-09-04,Feminino,Wechingen,Bavaria,Alemanha,PC,MOBA,15,2014-06-29,355.2,369,6,109.58,2025-10-28
615,Adrian Taylor,adrian.taylor615,41,1985-02-25,Masculino,Great Harwood,ENG,Reino Unido,Xbox,FPS,10,2018-08-07,249.8,429,30,1077.27,2026-02-02
616,Jacinto Arana,jacinto.arana616,42,1984-01-12,Masculino,Amurrio,Basque Country,Espanha,PC,RPG,35,2015-11-15,852.7,297,19,693.37,2025-12-28
617,Jason Graves,jason.graves617,25,2001-05-13,Masculino,Coolum Beach,QLD,Austrália,PlayStation,FPS,5,2022-03-07,117.8,65,0,0,2025-10-25
618,Jaime Gonzales,jaime.gonzales618,22,2003-12-22,Masculino,San Lucas Zoquiápam,OAX,México,PlayStation,Corrida,6,2017-12-22,144.9,194,0,0,2025-10-29
619,Rolando Ferrándiz,rolando.ferrandiz619,54,1971-09-21,Masculino,Zamayón,Castille and León,Espanha,PC,Corrida,9,2018-01-25,212.7,230,13,453.79,2025-12-21
620,Gordon Johnson,gordon.johnson620,55,1971-08-30,Masculino,Radyr,Wales,Reino Unido,PlayStation,Aventura,15,2017-02-26,372.8,326,22,652.98,2026-03-14
621,Sérgio Melo,sergio.melo621,31,1995-07-23,Masculino,Esporões,03,Portugal,Xbox,Aventura,8,2024-02-29,182.9,141,0,0,2025-12-29
622,Carol Elliott,carol.elliott622,34,1992-07-06,Feminino,Betws-y-Coed,Wales,Reino Unido,PC,Corrida,11,2019-03-02,274.2,519,21,508.17,2025-10-30
623,Gianluigi Baglioni,gianluigi.baglioni623,40,1986-03-02,Masculino,Paterno Calabro,78,Itália,Xbox,Survival,38,2012-03-08,943.8,564,5,64.59,2025-11-19
624,Julie Maillet,julie.maillet624,47,1979-02-17,Feminino,Saint-Martin-de-Ré,New Aquitaine,França,PC,Esportes,8,2022-11-28,180.9,182,0,0,2025-11-09
625,Stephen Barnes,stephen.barnes625,54,1971-11-25,Masculino,Southwest Ranches,FL,Estados Unidos,PC,MOBA,6,2024-09-21,137.3,104,0,0,2025-11-22
626,Galasso Durante,galasso.durante626,38,1988-03-29,Masculino,Catania,Sicily,Itália,PlayStation,FPS,2,2023-11-02,42.0,26,0,0,2026-01-24
627,Guilherme Garcia,guilherme.garcia627,37,1989-01-05,Masculino,Monte Castelo,SP,Brasil,Xbox,Aventura,46,2022-03-05,1131.8,466,0,0,2026-04-11
628,Rosina Travaglio,rosina.travaglio628,24,2002-05-21,Feminino,Schio,34,Itália,Xbox,Corrida,42,2020-10-09,1048.0,684,0,0,2025-10-24
629,Randall Fowler,randall.fowler629,20,2005-10-23,Masculino,Epsom,VIC,Austrália,Xbox,Simulação,100,2019-06-05,3573.3,1159,12,483.8,2025-11-19
630,Etta Pergolesi,etta.pergolesi630,55,1970-09-20,Feminino,Tratalias,Sardinia,Itália,PlayStation,RPG,30,2024-03-18,730.0,496,0,0,2026-01-31
631,Hans-Walter Schüler,hans-walter.schuler631,52,1973-12-15,Masculino,Bad Düben,Saxony,Alemanha,PC,Survival,100,2010-03-02,8943.9,2397,5,129.59,2025-10-10
632,Lewis Jones,lewis.jones632,54,1971-09-19,Masculino,Bromyard,ENG,Reino Unido,Xbox,Aventura,32,2014-01-17,783.5,645,0,0,2026-08-05
633,Destiny Lewis,destiny.lewis633,23,2002-12-01,Feminino,Sylmar,CA,Estados Unidos,PlayStation,Esportes,2,2024-03-27,31.7,44,3,39.7,2025-09-29
634,Juanita Pardo,juanita.pardo634,17,2009-02-14,Feminino,Contamina,AR,Espanha,PlayStation,Corrida,1,2025-07-21,19.1,12,0,0,2026-03-28
635,Lamberto Soffici,lamberto.soffici635,28,1998-01-14,Masculino,Frosolone,67,Itália,PlayStation,Luta,31,2017-02-24,763.3,690,22,667.98,2026-01-09
636,Jessica Green,jessica.green636,17,2008-12-02,Feminino,Amarillo,TX,Estados Unidos,Xbox,Corrida,1,2026-07-16,15.8,18,1,39.9,2026-08-11
637,Mattia Brunelleschi,mattia.brunelleschi637,55,1971-04-21,Masculino,Bogogno,Piedmont,Itália,PlayStation,Esportes,13,2021-05-05,320.3,657,11,208.99,2026-08-20
638,Wilfrido Espino,wilfrido.espino638,17,2009-02-13,Masculino,Río de Teapa,TAB,México,Xbox,FPS,7,2023-11-04,155.5,145,11,363.99,2025-10-16
639,Corey Jones,corey.jones639,50,1976-04-01,Masculino,Gulf Gate Estates,FL,Estados Unidos,Mobile,MOBA,35,2018-09-08,864.6,348,8,289.2,2026-02-12
640,Isaac Delahaye,isaac.delahaye640,28,1998-05-20,Masculino,Bernardswiller,Grand Est,França,PC,Luta,1,2025-12-30,18.7,20,1,9.9,2026-02-14
641,Jaqueline Villagómez,jaqueline.villagomez641,54,1972-02-01,Feminino,El Rincón (Santa Cruz del Rincón),GRO,México,PC,Corrida,100,2011-12-29,3253.2,2381,22,708.07,2026-01-05
642,Mohamed Cooper,mohamed.cooper642,37,1988-12-31,Masculino,Cowbridge,Wales,Reino Unido,Xbox,Esportes,6,2022-04-21,135.1,68,0,0,2026-06-29
643,Nath Roussel,nath.roussel643,21,2004-09-30,Feminino,Montfaucon,Bourgogne,França,Xbox,Simulação,30,2019-09-13,746.9,187,0,0,2026-07-08
644,Eva Rascón,eva.rascon644,49,1977-02-03,Feminino,Sonora,Veracruz,México,PC,Luta,3,2025-10-21,59.9,140,10,304.18,2026-08-18
645,Eduardo Sarabia,eduardo.sarabia645,43,1982-10-07,Masculino,Tekik de Regil,YUC,México,PC,Ação,100,2014-09-02,4236.7,2358,14,513.87,2026-07-04
646,Erin Owens,erin.owens646,20,2006-01-09,Feminino,Orange City,IA,Estados Unidos,Xbox,FPS,42,2019-04-04,1047.4,787,3,59.7,2026-08-17
647,Claire Khan,claire.khan647,34,1991-10-24,Feminino,Elland,ENG,Reino Unido,PC,Estratégia,13,2022-02-10,309.1,154,0,0,2025-12-04
648,Alessandro Vespa,alessandro.vespa648,54,1971-12-25,Masculino,Pieve di Zignago,42,Itália,Xbox,RPG,9,2023-12-19,206.1,152,11,274.17,2026-02-12
649,Celal Ehlert,celal.ehlert649,46,1980-07-04,Masculino,Aschau im Chiemgau,Bavaria,Alemanha,Xbox,Ação,34,2021-09-18,846.8,764,10,289.18,2026-07-30
650,Alicia Camarillo,alicia.camarillo650,17,2009-01-05,Feminino,San Roque de Montes,GUA,México,PlayStation,Aventura,1,2025-12-30,5.7,2,1,79.9,2026-03-11
651,Marcela Silveira,marcela.silveira651,55,1970-09-05,Feminino,Rio Doce,MG,Brasil,Xbox,FPS,11,2014-10-01,262.9,160,4,174.6,2026-03-10
652,Hélène Buisson,helene.buisson652,30,1995-09-03,Feminino,Juan-les-Pins,Provence-Alpes-Côte d'Azur,França,PC,Esportes,16,2013-10-02,392.6,360,13,339.06,2025-11-02
653,Minerva Carreón,minerva.carreon653,54,1972-06-21,Feminino,Ixtlán del Río,NAY,México,Xbox,Survival,100,2019-10-12,2523.6,668,10,154.27,2026-07-13
654,Robert Rangel,robert.rangel654,20,2006-07-03,Masculino,Barboursville,WV,Estados Unidos,PC,Estratégia,26,2023-08-24,636.5,219,0,0,2025-09-03
655,Elliott Lawson,elliott.lawson655,18,2008-01-10,Masculino,Blyth,ENG,Reino Unido,PlayStation,Aventura,7,2024-01-06,168.6,64,0,0,2025-11-17
656,Hannes Neureuther,hannes.neureuther656,42,1984-02-14,Masculino,Fürstenberg,BW,Alemanha,PC,Corrida,1,2021-02-28,17.4,32,1,4.99,2026-07-27
657,Michael Cochran,michael.cochran657,55,1971-02-22,Masculino,Laguna Heights,TX,Estados Unidos,PC,Corrida,37,2010-10-14,921.9,923,8,269.2,2026-04-29
658,Juan Carlos Raya,juan.carlos.raya658,33,1993-03-25,Masculino,Riópar,Castille-La Mancha,Espanha,PC,FPS,15,2025-03-16,359.4,197,4,199.6,2026-08-01
659,Noah Mendoza,noah.mendoza659,20,2006-01-04,Masculino,Beloeil,QC,Canadá,Mobile,MOBA,18,2024-01-10,430.5,176,0,0,2025-11-26
660,Nicholas Lawson,nicholas.lawson660,24,2001-10-23,Masculino,Tuxford,ENG,Reino Unido,Xbox,RPG,4,2015-03-08,99.1,91,0,0,2026-05-28
661,Etta Fantoni,etta.fantoni661,46,1979-12-11,Feminino,Rimini,45,Itália,Xbox,FPS,15,2020-05-19,351.1,328,0,0,2026-06-23
662,Bryan White,bryan.white662,48,1978-04-28,Masculino,Harlem,GA,Estados Unidos,PlayStation,Ação,53,2012-08-19,1315.9,1268,0,0,2026-05-24
663,Waldemar Liebelt,waldemar.liebelt663,34,1991-10-01,Masculino,Sottrum,Lower Saxony,Alemanha,PlayStation,Aventura,71,2023-08-04,1750.3,607,4,174.6,2025-10-18
664,Aaron Lewis,aaron.lewis664,45,1981-08-28,Masculino,El Rancho,NM,Estados Unidos,PC,Survival,51,2010-12-16,1268.7,608,6,79.49,2026-07-19
665,Angela Juarez,angela.juarez665,18,2007-12-30,Feminino,Saint-Césaire,QC,Canadá,PC,Estratégia,2,2025-01-20,41.4,31,1,14.9,2026-06-09
666,Bernardino Alcalde,bernardino.alcalde666,17,2009-02-03,Masculino,Atarfe,Andalusia,Espanha,Xbox,FPS,1,2026-04-18,2.3,4,1,59.9,2026-05-09
667,Paulina Henschel,paulina.henschel667,31,1995-01-29,Feminino,Königswalde,Saxony,Alemanha,PC,Simulação,29,2018-10-15,713.7,183,0,0,2026-05-23
668,Emily Gross,emily.gross668,19,2007-08-25,Feminino,South Gate,CA,Estados Unidos,PC,Estratégia,8,2026-01-23,175.0,104,4,124.69,2026-07-27
669,Marcelle Roche,marcelle.roche669,47,1979-02-22,Feminino,Angles,Pays de la Loire,França,PlayStation,Ação,1,2026-08-25,2.4,2,0,0,2026-08-28
670,Victoire Mendès,victoire.mendes670,33,1992-10-20,Feminino,Lorient,Brittany,França,PC,Ação,56,2022-10-06,1393.1,560,16,553.67,2025-10-05
671,Joseph Newton,joseph.newton671,45,1981-01-12,Masculino,Upper Arlington,OH,Estados Unidos,PC,Estratégia,2,2022-06-20,34.1,13,1,4.99,2026-02-25
672,Paloma Greco,paloma.greco672,31,1995-04-13,Feminino,Vanchiglia,Piedmont,Itália,PC,Simulação,24,2023-11-12,590.7,283,0,0,2026-02-06
673,Christopher Maxwell,christopher.maxwell673,54,1971-09-07,Masculino,Montezuma,IA,Estados Unidos,PC,MOBA,7,2020-12-31,159.4,88,8,314.2,2025-09-20
674,Reimar Bachmann,reimar.bachmann674,42,1984-07-18,Masculino,Bunde,Lower Saxony,Alemanha,Xbox,Survival,100,2013-07-25,6959.2,1582,0,0,2026-06-02
675,David Jones,david.jones675,19,2007-08-19,Masculino,Soldiers Hill,QLD,Austrália,Xbox,Aventura,14,2021-07-22,339.5,389,0,0,2026-03-31
676,Devon Carroll,devon.carroll676,36,1990-03-12,Masculino,Petersburg,MI,Estados Unidos,Xbox,RPG,6,2020-06-15,127.3,127,0,0,2026-04-04
677,Luigi Oliveira,luigi.oliveira677,34,1992-08-08,Masculino,São Simão,GO,Brasil,PC,Esportes,6,2025-05-16,131.5,78,1,9.9,2026-06-17
678,James King,james.king678,37,1988-09-18,Masculino,Baltic,SD,Estados Unidos,Xbox,Simulação,70,2012-10-11,1730.8,758,4,234.6,2026-07-15
679,Nacho Salazar,nacho.salazar679,19,2006-10-22,Masculino,Pedrosillo de los Aires,Castille and León,Espanha,PlayStation,FPS,1,2025-09-06,19.9,24,2,74.8,2026-06-12
680,Richard Rodriguez,richard.rodriguez680,43,1983-04-24,Masculino,Mount Lehman,BC,Canadá,Xbox,Simulação,100,2010-11-02,2987.9,1074,7,329.3,2026-07-04
681,John Valdez,john.valdez681,55,1971-03-30,Masculino,Tuart Hill,WA,Austrália,Xbox,RPG,28,2011-12-09,690.6,389,16,413.4,2026-07-05
682,Ann Young,ann.young682,26,1999-09-20,Feminino,Inverness,NS,Canadá,PC,Corrida,3,2024-08-24,64.3,50,4,189.6,2026-04-06
683,Jimmy Lowe,jimmy.lowe683,16,2010-02-20,Masculino,Rhodes,NSW,Austrália,PC,Aventura,3,2023-06-15,70.0,68,0,0,2026-06-11
684,James Porter,james.porter684,41,1985-05-19,Masculino,Malone,NY,Estados Unidos,PC,Estratégia,33,2013-01-10,805.8,342,9,219.28,2026-06-20
685,Santiago Quintanilla,santiago.quintanilla685,36,1990-03-22,Masculino,San Manuel,TAB,México,Xbox,Ação,14,2016-05-19,346.7,162,0,0,2026-01-24
686,Joshua Salinas,joshua.salinas686,28,1998-04-08,Masculino,Pleasant Grove,OH,Estados Unidos,PC,Survival,83,2012-09-05,2050.8,1168,0,0,2025-11-14
687,Megan Andrade,megan.andrade687,29,1997-05-30,Feminino,East Corrimal,NSW,Austrália,Xbox,Survival,61,2015-01-14,1522.8,598,0,0,2025-12-07
688,Amanda Vallejo,amanda.vallejo688,43,1983-06-26,Feminino,Esparragosa de Lares,EX,Espanha,PlayStation,Corrida,20,2021-10-06,477.0,284,6,139.49,2026-03-25
689,Sara Noble,sara.noble689,53,1972-12-20,Feminino,Sewickley,PA,Estados Unidos,PlayStation,Survival,8,2024-03-05,199.2,72,4,99.69,2025-11-04
690,Ermenegildo Orlando,ermenegildo.orlando690,53,1972-09-20,Masculino,San Mamete,Lombardy,Itália,PC,Esportes,5,2010-08-14,103.8,95,0,0,2026-07-07
691,Graziano Civaschi,graziano.civaschi691,54,1971-12-11,Masculino,Rivello,Basilicate,Itália,PC,MOBA,9,2012-04-22,210.3,207,0,0,2025-12-16
692,Rémy Navarro,remy.navarro692,17,2009-03-05,Masculino,Les Essarts,Pays de la Loire,França,PC,Survival,1,2023-12-28,17.1,6,1,39.9,2026-01-25
693,Ayten Bruder,ayten.bruder693,35,1991-03-06,Feminino,Weiler,RP,Alemanha,PC,Simulação,16,2021-03-19,388.1,227,0,0,2026-02-19
694,Custodia Esteban,custodia.esteban694,45,1981-04-24,Feminino,Pitiegua,Castille and León,Espanha,PlayStation,Survival,19,2023-11-20,462.9,426,22,828.25,2026-01-24
695,Geoffrey Vincent,geoffrey.vincent695,21,2004-11-28,Masculino,Hoveton,ENG,Reino Unido,PlayStation,FPS,10,2021-10-29,228.1,117,0,0,2026-07-25
696,Bartholomäus Kranz,bartholomaus.kranz696,40,1985-09-09,Masculino,Syrau,Saxony,Alemanha,PlayStation,Survival,100,2012-02-02,3853.1,1244,9,164.37,2026-05-24
697,Kimberly Woodard,kimberly.woodard697,27,1998-09-05,Feminino,Perry,UT,Estados Unidos,PC,Corrida,2,2014-04-08,28.7,16,0,0,2025-11-14
698,Fernanda Gulotta,fernanda.gulotta698,52,1973-11-17,Feminino,Ghiffa,Piedmont,Itália,PC,Luta,3,2021-05-18,67.8,60,6,244.58,2026-02-10
699,Denise Patel,denise.patel699,27,1999-04-07,Feminino,Woodlake,VA,Estados Unidos,PC,MOBA,1,2025-06-27,11.6,18,1,4.99,2026-01-15
700,Isabel Leon,isabel.leon700,48,1977-09-27,Feminino,el Clot,Catalonia,Espanha,Xbox,Luta,7,2024-03-12,171.5,128,0,0,2025-12-01
701,Kevin Lindau,kevin.lindau701,25,2001-08-30,Masculino,Wittstock,BB,Alemanha,Xbox,Simulação,28,2017-09-09,684.3,176,7,89.57,2025-10-24
702,Emmanuelle Clerc,emmanuelle.clerc702,31,1994-11-06,Feminino,Plozévet,Brittany,França,PC,Estratégia,100,2018-07-01,4143.8,1565,15,508.59,2026-02-08
703,Gary Randall,gary.randall703,46,1980-06-30,Masculino,Hill Air Force Base,UT,Estados Unidos,PC,Corrida,8,2024-04-23,188.2,159,0,0,2025-09-12
704,Vanessa Perkins,vanessa.perkins704,35,1991-07-02,Feminino,Othello,WA,Estados Unidos,Xbox,Corrida,1,2017-09-30,16.6,10,1,59.9,2025-11-20
705,Alexandre Machado,alexandre.machado705,41,1985-08-28,Masculino,Angelim,PE,Brasil,PC,FPS,3,2015-10-26,61.5,92,0,0,2025-10-27
706,Christopher Tucker,christopher.tucker706,34,1991-09-27,Masculino,Highland Park,PA,Estados Unidos,PlayStation,Survival,19,2023-06-27,470.8,180,0,0,2026-05-09
707,Donna Elliott,donna.elliott707,50,1976-08-07,Feminino,Wrawby,ENG,Reino Unido,PC,MOBA,79,2015-06-30,1952.3,1354,28,1032.47,2026-01-15
708,Steven Rich,steven.rich708,19,2007-03-29,Masculino,Story City,IA,Estados Unidos,PC,Estratégia,8,2022-05-01,198.2,186,13,304.06,2025-09-08
709,Samuel Noble,samuel.noble709,30,1995-09-17,Masculino,Alrewas,ENG,Reino Unido,Xbox,Esportes,1,2026-03-19,24.0,17,1,9.9,2026-06-26
710,Jaroslaw Junk,jaroslaw.junk710,23,2003-08-17,Masculino,Langen,Hesse,Alemanha,PC,Luta,38,2018-07-31,937.3,892,19,653.28,2025-09-06
711,Stephen Meyer,stephen.meyer711,24,2002-06-27,Masculino,Masury,OH,Estados Unidos,PC,Survival,85,2016-06-16,2113.9,971,23,592.88,2025-11-12
712,Hellmuth Zänker,hellmuth.zanker712,48,1978-01-14,Masculino,Hamberge,SH,Alemanha,Xbox,Survival,100,2016-04-09,4123.3,1666,15,503.5,2026-07-18
713,Álvaro Amador,alvaro.amador713,33,1993-01-28,Masculino,Muro de Aguas,RI,Espanha,PlayStation,Esportes,100,2012-10-31,4087.2,2195,23,722.97,2026-08-30
714,David Watts,david.watts714,24,2001-10-13,Masculino,Madison,VA,Estados Unidos,PC,Aventura,6,2015-08-19,127.0,125,0,0,2026-03-19
715,John Wood,john.wood715,54,1972-07-03,Masculino,Laurence Harbor,NJ,Estados Unidos,PlayStation,Luta,11,2015-12-23,257.5,426,0,0,2026-06-16
716,Cipriano Bataglia,cipriano.bataglia716,41,1985-03-24,Masculino,Landriano,Lombardy,Itália,PC,FPS,1,2026-03-28,14.5,10,0,0,2026-06-10
717,Christian Watson,christian.watson717,48,1978-07-09,Masculino,Melville,RI,Estados Unidos,PlayStation,Esportes,18,2019-04-09,435.1,434,6,254.4,2025-09-05
718,Roberto Valdés,roberto.valdes718,43,1983-05-07,Masculino,San Cristóbal Chacón,HID,México,Mobile,MOBA,4,2021-12-13,94.7,42,2,99.8,2026-08-11
719,Gary James,gary.james719,54,1972-01-06,Masculino,West Albany,NY,Estados Unidos,Xbox,Aventura,1,2026-08-30,1.0,1,1,29.9,2026-09-01
720,Caridad Zabaleta,caridad.zabaleta720,24,2002-04-21,Feminino,Cómpeta,Andalusia,Espanha,PC,Ação,30,2018-10-27,728.4,405,0,0,2026-07-02
721,Darren Moran,darren.moran721,27,1999-04-20,Masculino,Tigerville,SC,Estados Unidos,PC,Estratégia,49,2013-07-16,1211.5,1304,20,673.36,2026-07-02
722,Rosa Pisano,rosa.pisano722,51,1975-02-17,Feminino,Pescara,65,Itália,PC,RPG,61,2012-11-26,1506.3,680,0,0,2026-05-07
723,Margot Merle,margot.merle723,37,1989-05-29,Feminino,Folie Méricourt,IDF,França,PC,Corrida,38,2011-01-08,949.6,949,0,0,2026-07-12
724,Ermanno Mazzacurati,ermanno.mazzacurati724,50,1976-07-18,Masculino,Arcene,Lombardy,Itália,PC,Luta,8,2014-06-08,186.1,612,28,1077.38,2025-09-16
725,Valentim Andrade,valentim.andrade725,32,1994-02-08,Masculino,Venturosa,PE,Brasil,PC,Estratégia,25,2019-11-27,606.3,252,0,0,2026-01-27
726,Jon Garrison,jon.garrison726,19,2006-12-05,Masculino,Richboro,PA,Estados Unidos,PC,Estratégia,4,2023-12-21,86.5,36,1,39.9,2025-11-08
727,Christopher Cunningham,christopher.cunningham727,45,1981-08-19,Masculino,Pedley,CA,Estados Unidos,Mobile,MOBA,52,2018-08-31,1292.6,1137,8,264.2,2025-10-14
728,Jennifer Howell,jennifer.howell728,27,1998-10-23,Feminino,Ormiston,SCT,Reino Unido,Xbox,FPS,49,2019-07-25,1205.4,891,2,79.8,2026-08-20
729,Tomislav Grein Groth,tomislav.grein.groth729,38,1988-03-04,Masculino,Neuhausen auf den Fildern,BW,Alemanha,PlayStation,Luta,1,2026-01-17,18.2,45,4,64.6,2026-06-28
730,Ella Roskoth,ella.roskoth730,28,1997-11-23,Feminino,Büren,North Rhine-Westphalia,Alemanha,PC,Luta,2,2026-02-19,28.3,23,1,29.9,2026-02-23
731,Carmen Arnau,carmen.arnau731,36,1989-11-23,Feminino,Lucena del Cid,V,Espanha,PC,Estratégia,74,2020-06-27,1849.7,993,0,0,2026-02-03
732,Isabella Cardoso,isabella.cardoso732,16,2009-10-25,Feminino,Iepê,SP,Brasil,Xbox,Aventura,39,2023-02-23,963.6,326,16,548.58,2026-06-02
733,Rossana Polesel,rossana.polesel733,55,1970-10-01,Feminino,Predore,Lombardy,Itália,PC,Aventura,74,2014-01-24,1826.9,1148,13,418.79,2025-11-17
734,Jean Maury,jean.maury734,19,2006-11-26,Masculino,Solliès-Ville,Provence-Alpes-Côte d'Azur,França,PC,Estratégia,12,2024-07-31,277.3,128,0,0,2026-01-23
735,Emmanuel Thierry,emmanuel.thierry735,16,2010-04-16,Masculino,Pouilly-en-Auxois,Bourgogne,França,PC,Estratégia,2,2024-09-18,43.6,15,1,29.9,2026-01-13
736,Luc Roger,luc.roger736,41,1985-07-03,Masculino,Montsoult,IDF,França,PC,MOBA,100,2010-11-05,3874.5,2057,6,254.49,2026-02-20
737,Madeleine Coulon,madeleine.coulon737,24,2001-12-28,Feminino,Laguiole,OCC,França,Xbox,RPG,62,2016-06-04,1543.2,503,0,0,2026-08-09
738,Carmen Acevedo,carmen.acevedo738,49,1976-11-29,Feminino,Sahali,BC,Canadá,PC,RPG,21,2023-06-24,521.7,327,0,0,2026-01-04
739,Dolores Estévez,dolores.estevez739,47,1978-09-07,Feminino,Gambino,SIN,México,PC,Estratégia,94,2013-01-07,2332.3,2268,0,0,2026-06-10
740,Hannah Dominguez,hannah.dominguez740,40,1985-09-30,Feminino,Asheboro,NC,Estados Unidos,PlayStation,RPG,4,2024-01-25,78.0,27,1,14.9,2025-11-16
741,Paride Paoletti,paride.paoletti741,40,1986-06-03,Masculino,Fano Adriano,65,Itália,Xbox,Esportes,6,2017-08-23,147.5,323,0,0,2025-09-25
742,Astrid Lacroix,astrid.lacroix742,31,1994-10-11,Feminino,Palais de Justice,Provence-Alpes-Côte d'Azur,França,PlayStation,Survival,100,2012-10-02,3320.5,791,0,0,2026-02-17
743,Candelas Pedraza,candelas.pedraza743,33,1993-05-02,Feminino,Villarroya de los Pinares,AR,Espanha,PlayStation,Survival,84,2012-08-22,2086.5,1412,7,154.39,2026-01-06
744,James Wiley,james.wiley744,25,2001-02-15,Masculino,Chenoweth,OR,Estados Unidos,PlayStation,Aventura,6,2021-05-20,148.4,105,3,44.7,2026-03-16
745,Emily Lewis,emily.lewis745,36,1990-03-04,Feminino,North Hartsville,SC,Estados Unidos,PC,Estratégia,36,2016-07-12,882.6,515,0,0,2026-05-15
746,Bobby Reed,bobby.reed746,22,2003-12-30,Masculino,Mendon,VT,Estados Unidos,PC,RPG,11,2018-03-25,252.5,64,3,54.7,2026-07-03
747,Lori Alexander,lori.alexander747,36,1990-06-09,Feminino,Bensley,VA,Estados Unidos,PC,MOBA,2,2024-05-28,43.1,36,2,49.8,2025-09-12
748,Christian Smith,christian.smith748,31,1995-08-02,Masculino,Warsop,ENG,Reino Unido,PC,FPS,53,2014-03-15,1308.3,1786,0,0,2025-10-07
749,William Brandt,william.brandt749,46,1979-10-14,Masculino,Brookfield,IL,Estados Unidos,PlayStation,FPS,4,2024-10-30,97.6,114,2,44.8,2025-11-10
750,Denny Boucsein,denny.boucsein750,33,1993-06-02,Masculino,Bergatreute,BW,Alemanha,PlayStation,Survival,13,2020-09-17,308.5,165,0,0,2026-01-28
751,Raphael Ullrich,raphael.ullrich751,54,1971-11-04,Masculino,Brüel,MV,Alemanha,PlayStation,Corrida,100,2012-07-17,2614.3,1479,14,368.96,2026-02-19
752,Virginia Watkins,virginia.watkins752,32,1994-03-13,Feminino,Jamisontown,NSW,Austrália,PC,Aventura,100,2011-11-17,3680.2,1261,0,0,2026-03-22
753,Ronald Farley,ronald.farley753,33,1992-12-13,Masculino,Hudson,IL,Estados Unidos,PC,Luta,30,2016-07-15,741.7,824,5,174.5,2026-07-27
754,Michela Matteotti,michela.matteotti754,28,1998-05-06,Feminino,Usseaux,Piedmont,Itália,PlayStation,FPS,56,2013-07-03,1397.6,2036,0,0,2025-11-26
755,Lorenzo Llano,lorenzo.llano755,36,1990-06-15,Masculino,Villamayor de Campos,Castille and León,Espanha,PC,Estratégia,100,2011-01-26,4987.2,1674,14,378.78,2026-02-26
756,Gabriela Drub,gabriela.drub756,46,1980-08-26,Feminino,Fockbek,SH,Alemanha,Xbox,Aventura,21,2011-04-22,502.9,181,0,0,2026-04-21
757,Liz Novaes,liz.novaes757,22,2003-09-02,Feminino,Dores do Rio Preto,ES,Brasil,PC,Corrida,10,2023-08-13,247.5,195,8,179.29,2026-05-08
758,Brian Hill,brian.hill758,19,2007-05-02,Masculino,Lac-Alouette,QC,Canadá,PC,Survival,4,2024-03-29,96.7,70,2,24.8,2026-06-05
759,Luiz Otávio da Cunha,luiz.otavio.da.cunha759,44,1982-04-06,Masculino,Itupiranga,PA,Brasil,PlayStation,Survival,22,2012-12-21,537.9,153,4,104.6,2026-08-16
760,Maximiliano Roybal,maximiliano.roybal760,48,1977-09-20,Masculino,Pechucalco,TAB,México,Mobile,MOBA,2,2024-11-21,31.7,31,0,0,2025-12-24
761,Pierluigi Volta,pierluigi.volta761,37,1988-10-27,Masculino,Casalnuovo di Napoli,72,Itália,PlayStation,Luta,2,2026-04-07,30.2,26,1,29.9,2026-08-13
762,Estela Acevedo,estela.acevedo762,44,1982-02-06,Feminino,Larráinzar,CHP,México,Xbox,Simulação,31,2016-07-09,760.7,387,21,783.26,2026-08-25
763,Aaron Patterson,aaron.patterson763,51,1975-02-15,Masculino,West Pleasant View,CO,Estados Unidos,PlayStation,Aventura,10,2022-01-14,225.3,179,0,0,2026-06-06
764,Ronald Davis,ronald.davis764,28,1998-03-29,Masculino,Cherokee,OK,Estados Unidos,Xbox,Simulação,56,2023-03-12,1375.4,365,1,59.9,2026-07-05
765,Antonino Giusti,antonino.giusti765,25,2001-01-31,Masculino,Priverno,62,Itália,PlayStation,Aventura,9,2014-12-23,205.7,101,0,0,2026-06-12
766,Otto Cirino,otto.cirino766,55,1971-05-08,Masculino,São Vicente Férrer,PE,Brasil,Xbox,Survival,18,2017-07-11,445.3,211,0,0,2025-10-03
767,Pierangelo Romano,pierangelo.romano767,16,2009-12-31,Masculino,Bagnoli,72,Itália,PC,Luta,11,2023-05-27,266.3,359,0,0,2026-05-11
768,Caitlin Ward,caitlin.ward768,29,1997-02-17,Feminino,Medina,NY,Estados Unidos,Xbox,Ação,59,2020-08-20,1460.7,600,0,0,2026-02-10
769,Marcela Quesada,marcela.quesada769,19,2006-12-26,Feminino,Chihuahuita,SIN,México,PC,Simulação,8,2022-03-09,197.9,57,0,0,2026-06-09
770,Louise Marion,louise.marion770,48,1977-10-13,Feminino,Chauconin-Neufmontiers,IDF,França,PlayStation,Corrida,13,2019-11-21,319.6,441,0,0,2025-11-10
771,Luigina Morandi,luigina.morandi771,50,1976-08-03,Feminino,Rivarolo Canavese,Piedmont,Itália,Xbox,Ação,1,2025-02-19,8.7,6,1,14.9,2025-11-06
772,Richard Sweeney,richard.sweeney772,24,2002-03-16,Masculino,Aldan,PA,Estados Unidos,Xbox,Luta,6,2021-08-07,145.6,191,0,0,2025-12-25
773,Robert Bryant,robert.bryant773,26,2000-07-03,Masculino,Ardmore,PA,Estados Unidos,PC,Ação,7,2025-01-03,154.3,86,2,74.8,2026-01-25
774,Adriano Foà,adriano.foa774,24,2001-12-14,Masculino,Villa d'Ogna,Lombardy,Itália,PC,RPG,67,2017-03-22,1651.1,658,22,602.98,2025-12-10
775,Rosie Watts,rosie.watts775,46,1980-05-11,Feminino,Londesborough,ENG,Reino Unido,PlayStation,Luta,4,2020-02-15,90.9,163,16,408.67,2026-05-06
776,Emigdio Tamarit,emigdio.tamarit776,24,2002-04-27,Masculino,Torre de Juan Abad,Castille-La Mancha,Espanha,PC,Estratégia,20,2022-01-14,482.1,207,0,0,2026-03-25
777,Nicolò Petrassi,nicolo.petrassi777,37,1989-04-12,Masculino,Carovilli,67,Itália,Xbox,Survival,31,2023-12-09,756.1,215,0,0,2026-03-25
778,Gerald Parker,gerald.parker778,22,2004-07-20,Masculino,Rock,ENG,Reino Unido,PC,Estratégia,3,2026-01-22,59.5,25,1,39.9,2026-03-28
779,Tonino Volta,tonino.volta779,23,2002-12-10,Masculino,San Pietro d'Olba,42,Itália,PlayStation,Esportes,4,2025-07-29,79.6,128,5,179.68,2026-08-14
780,Paul Harmon,paul.harmon780,31,1994-12-17,Masculino,Fairview,UT,Estados Unidos,PlayStation,Ação,22,2023-03-09,533.9,272,0,0,2026-04-24
781,Zbigniew Rädel,zbigniew.radel781,26,2000-05-17,Masculino,Haina,Thuringia,Alemanha,PC,Ação,15,2019-11-23,351.8,309,30,1237.36,2026-04-18
782,Gabriela Faust,gabriela.faust782,30,1995-12-11,Feminino,Breiholz,SH,Alemanha,PC,Ação,7,2024-03-14,156.8,79,5,139.5,2026-06-07
783,Dean Hoffman,dean.hoffman783,26,1999-11-08,Masculino,Weetangera,ACT,Austrália,PlayStation,Luta,18,2017-07-01,426.5,285,0,0,2026-06-26
784,João Pires,joao.pires784,38,1987-12-23,Masculino,Bom Retiro,SC,Brasil,Xbox,Corrida,2,2026-06-20,36.1,30,0,0,2026-08-03
785,Duane Campbell,duane.campbell785,51,1974-10-26,Masculino,Ramona,CA,Estados Unidos,PC,Luta,25,2017-07-19,621.5,436,29,657.55,2026-02-25
786,Stephanie Garner,stephanie.garner786,44,1982-03-04,Feminino,Fivepointville,PA,Estados Unidos,Xbox,Aventura,59,2013-01-05,1467.0,1389,0,0,2025-10-07
787,Éric Tanguy,eric.tanguy787,19,2006-09-11,Masculino,Fonbeauzard,OCC,França,PC,Corrida,18,2020-01-08,437.5,757,0,0,2026-06-05
788,Victoria Smith,victoria.smith788,18,2008-06-14,Feminino,East Perrine,FL,Estados Unidos,PC,Esportes,2,2025-08-15,43.3,106,0,0,2025-09-22
789,Inès Lefebvre,ines.lefebvre789,40,1986-08-24,Feminino,Castres,OCC,França,Mobile,MOBA,65,2017-02-21,1610.0,783,18,558.38,2026-02-12
790,Cynthia Green,cynthia.green790,46,1980-03-19,Feminino,Beech Mountain Lakes,PA,Estados Unidos,PC,Ação,100,2011-12-22,3573.1,3169,22,822.89,2026-02-10
791,Casemiro Buendía,casemiro.buendia791,53,1972-09-21,Masculino,Soses,Catalonia,Espanha,Mobile,MOBA,1,2023-11-06,24.1,48,1,4.99,2026-03-01
792,Stefania Rörricht,stefania.rorricht792,49,1977-07-11,Feminino,Isny,BW,Alemanha,PC,Aventura,30,2023-11-27,741.5,263,19,553.1,2025-12-27
793,Billy Wells,billy.wells793,40,1986-08-19,Masculino,Narrows,VA,Estados Unidos,PlayStation,Simulação,100,2017-08-20,5403.8,1413,26,757.85,2026-03-22
794,Théo Abreu,theo.abreu794,41,1984-10-24,Masculino,Miranda,MS,Brasil,PlayStation,FPS,24,2017-09-04,584.3,530,0,0,2025-10-22
795,Tatiana Offredi,tatiana.offredi795,36,1990-04-17,Feminino,Pinzolo,32,Itália,Xbox,RPG,2,2024-07-17,25.0,10,1,19.9,2026-02-09
796,Murilo Cirino,murilo.cirino796,33,1992-12-15,Masculino,Conde,BA,Brasil,PC,Ação,37,2015-05-26,914.5,843,0,0,2026-08-13
797,Daniela Jaramillo,daniela.jaramillo797,20,2005-11-18,Feminino,Viva Cárdenas,CHP,México,PC,Esportes,5,2023-07-18,106.6,100,5,79.59,2025-12-23
798,Sabrina Flores,sabrina.flores798,43,1983-03-28,Feminino,Aurora,TX,Estados Unidos,PC,FPS,7,2023-04-01,159.5,146,11,249.08,2025-12-16
799,Claudia Shaw,claudia.shaw799,54,1972-08-26,Feminino,Baie-D'Urfé,QC,Canadá,Xbox,Corrida,41,2021-01-31,1011.4,667,0,0,2026-07-10
800,John White,john.white800,52,1974-08-30,Masculino,Guthrie,OK,Estados Unidos,PC,Ação,57,2014-10-23,1419.2,1043,24,908.14,2025-12-17
801,Milena Fischetti,milena.fischetti801,27,1999-03-30,Feminino,Cuveglio,Lombardy,Itália,Xbox,Luta,9,2014-10-03,224.4,236,0,0,2026-03-08
802,Wendy Spencer,wendy.spencer802,41,1984-10-26,Feminino,Wildwood,TN,Estados Unidos,PlayStation,Survival,93,2023-11-30,2311.3,580,0,0,2026-06-30
803,Sarah Câmara,sarah.camara803,18,2008-07-31,Feminino,Icém,SP,Brasil,PlayStation,Simulação,20,2022-02-03,482.7,206,10,204.09,2025-10-25
804,Eligia Gelabert,eligia.gelabert804,30,1996-01-03,Feminino,Quintanilla de Trigueros,Castille and León,Espanha,PC,Luta,29,2022-06-14,724.2,549,0,0,2025-11-10
805,Abram Tschentscher,abram.tschentscher805,30,1995-09-19,Masculino,Bei der Höhne,Lower Saxony,Alemanha,PlayStation,Esportes,40,2024-01-10,980.7,524,0,0,2026-08-04
806,Catherine Barrera,catherine.barrera806,39,1987-06-11,Feminino,Smokey Point,WA,Estados Unidos,PC,Estratégia,100,2013-04-01,3388.9,1361,0,0,2025-12-31
807,Bianca da Luz,bianca.da.luz807,31,1995-07-18,Feminino,Laranjal,PR,Brasil,Xbox,RPG,64,2014-12-21,1578.2,1113,0,0,2025-10-22
808,Marlis Winkler,marlis.winkler808,32,1994-06-12,Feminino,Nostorf,MV,Alemanha,PC,Estratégia,23,2022-09-04,570.6,384,15,528.68,2026-04-15
809,Kyle Thomas,kyle.thomas809,46,1979-09-14,Masculino,Rosemeadow,NSW,Austrália,Xbox,Survival,14,2025-05-29,333.4,119,6,309.4,2026-03-30
810,Christine Armstrong,christine.armstrong810,18,2008-02-09,Feminino,Rothes,SCT,Reino Unido,PC,Corrida,1,2025-04-05,9.6,6,1,4.99,2026-07-16
811,Lisa Perkins,lisa.perkins811,32,1994-08-20,Feminino,Green Valley,CA,Estados Unidos,Xbox,Luta,43,2017-08-02,1062.2,1502,0,0,2025-12-08
812,Bruce Gutierrez,bruce.gutierrez812,21,2004-11-29,Masculino,Townshend,VT,Estados Unidos,Mobile,MOBA,3,2021-05-23,73.1,33,3,29.79,2026-02-12
813,Stella da Cruz,stella.da.cruz813,55,1971-01-28,Feminino,São João do Carú,MA,Brasil,PlayStation,Esportes,27,2016-05-21,665.1,740,22,792.98,2025-11-09
814,Cirillo Liguori,cirillo.liguori814,37,1989-01-10,Masculino,Palo del Colle,Apulia,Itália,PC,Luta,6,2024-01-15,126.7,101,6,229.4,2026-06-10
815,Vanessa Gabrieli,vanessa.gabrieli815,29,1997-01-05,Feminino,Sillano,Tuscany,Itália,Xbox,Esportes,39,2016-12-25,966.5,1146,0,0,2025-09-27
816,Camille Maréchal,camille.marechal816,40,1985-11-14,Feminino,Saint-Didier-de-Formans,Rhône-Alpes,França,Xbox,RPG,40,2014-08-28,994.2,465,0,0,2026-06-24
817,Brian Johnson,brian.johnson817,50,1976-01-13,Masculino,Center Harbor,NH,Estados Unidos,Xbox,FPS,15,2020-05-02,352.2,262,0,0,2026-01-27
818,Brittany Curtis,brittany.curtis818,48,1978-03-29,Feminino,Lexington,KY,Estados Unidos,PlayStation,Aventura,53,2020-09-12,1304.2,717,25,952.59,2025-11-24
819,Valentim Ramos,valentim.ramos819,52,1974-02-02,Masculino,Porto de Mós,10,Portugal,Xbox,Esportes,82,2011-11-27,2035.7,1394,0,0,2025-12-07
820,Amélie Olivier,amelie.olivier820,52,1974-03-25,Feminino,Bouliac,New Aquitaine,França,PlayStation,Luta,21,2016-02-11,508.5,546,25,722.77,2026-01-08
821,Giada Carfagna,giada.carfagna821,44,1981-11-13,Feminino,Vandoies di Sotto,32,Itália,PC,MOBA,38,2017-04-17,931.0,757,0,0,2026-06-04
822,Luis Manuel García,luis.manuel.garcia822,30,1996-07-03,Masculino,Aculco de Espinoza,MEX,México,Mobile,MOBA,5,2020-06-17,102.4,87,0,0,2025-12-17
823,Léo Sousa,leo.sousa823,36,1989-11-09,Masculino,Cristinápolis,SE,Brasil,PC,Corrida,19,2020-04-03,463.2,264,22,757.89,2025-10-16
824,Sonia Scaramucci,sonia.scaramucci824,38,1988-07-26,Feminino,Bedero Valcuvia,Lombardy,Itália,PC,Aventura,18,2024-07-26,444.8,264,12,438.89,2025-11-30
825,Brian Franklin,brian.franklin825,16,2010-05-05,Masculino,Agua Dulce,CA,Estados Unidos,PC,Luta,14,2023-09-28,346.8,248,0,0,2025-11-15
826,Elizabeth Brown,elizabeth.brown826,20,2006-06-30,Feminino,Redway,CA,Estados Unidos,Xbox,Survival,7,2026-04-23,158.1,40,4,144.69,2026-05-18
827,Paulette Lagarde,paulette.lagarde827,19,2007-02-18,Feminino,Vibraye,Pays de la Loire,França,PC,Corrida,8,2020-12-15,180.3,179,0,0,2026-03-27
828,Pellegrino Juvara,pellegrino.juvara828,30,1995-10-03,Masculino,Clavesana,Piedmont,Itália,PlayStation,Simulação,58,2018-11-18,1439.8,549,21,648.26,2026-07-29
829,Rebeca Cunha,rebeca.cunha829,38,1988-08-06,Feminino,Sete Lagoas,MG,Brasil,PC,MOBA,6,2014-09-05,131.8,108,0,0,2026-06-06
830,Ann-Kathrin Kraushaar,ann-kathrin.kraushaar830,20,2006-08-18,Feminino,Hilgert,RP,Alemanha,PC,Ação,7,2022-04-29,153.5,71,0,0,2026-06-23
831,Adalberto Nogués,adalberto.nogues831,33,1993-08-29,Masculino,Palo,AR,Espanha,PlayStation,Luta,3,2012-09-09,63.4,98,0,0,2026-05-08
832,Karl Pechel,karl.pechel832,16,2010-01-10,Masculino,Hochfeld,North Rhine-Westphalia,Alemanha,PlayStation,Corrida,2,2025-10-20,37.1,39,3,64.79,2025-11-01
833,Roberto Antonucci,roberto.antonucci833,17,2008-10-12,Masculino,Pomezia,62,Itália,Xbox,Survival,6,2022-03-20,142.8,45,0,0,2026-01-19
834,Luisa Holguín,luisa.holguin834,24,2001-11-18,Feminino,Rincón de Tamayo,GUA,México,PlayStation,Esportes,3,2018-09-08,52.1,56,0,0,2026-02-23
835,Denise Didier,denise.didier835,27,1999-06-08,Feminino,Wangenbourg-Engenthal,Grand Est,França,PC,Aventura,15,2020-12-10,367.9,178,7,214.39,2026-04-25
836,Véronique Gosselin,veronique.gosselin836,41,1985-01-20,Feminino,Chalabre,OCC,França,PlayStation,Aventura,41,2014-10-16,1007.9,560,0,0,2026-02-23
837,Melanie Jennings,melanie.jennings837,16,2010-07-27,Feminino,Lee-on-the-Solent,ENG,Reino Unido,PlayStation,RPG,12,2024-11-17,281.1,152,15,493.59,2026-04-29
838,Marleen Schwital,marleen.schwital838,34,1991-11-16,Feminino,Eislingen,BW,Alemanha,Xbox,Survival,10,2025-02-03,244.0,181,0,0,2026-02-07
839,Flavia Mendez,flavia.mendez839,40,1986-06-05,Feminino,Saelices el Chico,Castille and León,Espanha,PC,Survival,15,2024-07-27,350.0,279,21,813.08,2026-02-26
840,Michael Harmon,michael.harmon840,19,2006-11-13,Masculino,Tempe,NSW,Austrália,Xbox,Luta,1,2026-06-14,19.8,17,1,14.9,2026-08-10
841,Silvia Brambilla,silvia.brambilla841,38,1987-10-25,Feminino,Liscate,Lombardy,Itália,PC,Aventura,18,2024-08-03,431.0,232,0,0,2026-05-06
842,Piero Bettin,piero.bettin842,47,1978-11-17,Masculino,Pieve Albignola,Lombardy,Itália,PlayStation,Ação,2,2026-05-10,27.9,12,0,0,2026-06-02
843,Ignacio Olivo,ignacio.olivo843,43,1982-11-09,Masculino,Miguel Hidalgo,Veracruz,México,PC,Corrida,89,2010-10-09,2205.2,2428,0,0,2026-02-16
844,Salvatore Vanvitelli,salvatore.vanvitelli844,52,1973-09-10,Masculino,Pralormo,Piedmont,Itália,Xbox,Corrida,29,2013-05-04,710.2,648,1,14.9,2026-03-15
845,John Wang,john.wang845,53,1972-09-23,Masculino,Bentley Park,QLD,Austrália,Xbox,Simulação,100,2011-09-22,9150.4,2470,0,0,2026-09-01
846,Alexandra Sotelo,alexandra.sotelo846,16,2009-10-11,Feminino,Hornillos del Camino,Castille and León,Espanha,PC,Ação,2,2024-09-07,48.5,38,0,0,2026-07-21
847,Florian Fechner,florian.fechner847,16,2010-03-13,Masculino,Sankt Augustin,North Rhine-Westphalia,Alemanha,PC,Luta,1,2024-05-16,6.6,20,0,0,2026-02-11
848,Virgilio Ariza,virgilio.ariza848,53,1972-11-11,Masculino,Badalona,Catalonia,Espanha,Xbox,Esportes,18,2011-07-19,431.2,365,27,692.48,2025-12-17
849,Ermenegildo Bernini,ermenegildo.bernini849,47,1979-06-16,Masculino,Castronuovo di Sant'Andrea,Basilicate,Itália,PlayStation,Survival,2,2026-05-06,37.2,23,1,39.9,2026-07-24
850,Kristin Flores,kristin.flores850,36,1990-05-17,Feminino,Rotan,TX,Estados Unidos,PC,Corrida,7,2024-10-15,163.4,143,0,0,2026-05-22
851,Livio Eco,livio.eco851,46,1980-04-19,Masculino,Carpegna,The Marches,Itália,PC,Estratégia,13,2016-04-13,319.7,284,0,0,2025-12-04
852,Nicolás Munguía,nicolas.munguia852,46,1980-01-09,Masculino,Río Verde,NLE,México,Xbox,RPG,100,2018-02-26,3005.3,831,0,0,2026-02-19
853,Sibylle Rörricht,sibylle.rorricht853,36,1989-09-10,Feminino,Mittelschöntal,BW,Alemanha,PC,Aventura,3,2023-10-31,50.0,42,0,0,2026-09-01
854,Élisabeth Jacob,elisabeth.jacob854,17,2009-08-31,Feminino,Roquebrune-sur-Argens,Provence-Alpes-Côte d'Azur,França,PlayStation,Ação,5,2025-06-10,115.8,70,0,0,2026-08-09
855,Bobby Cameron,bobby.cameron855,50,1976-03-31,Masculino,Ellerslie,AB,Canadá,PC,RPG,6,2019-07-18,149.3,52,0,0,2026-02-13
856,Camila Leiva,camila.leiva856,33,1993-05-25,Feminino,Ituero y Lama,Castille and León,Espanha,PlayStation,Corrida,96,2016-09-01,2384.9,1422,0,0,2026-05-19
857,Ernst-Dieter Wilms,ernst-dieter.wilms857,46,1980-03-13,Masculino,Lindau,Saxony-Anhalt,Alemanha,PlayStation,Esportes,40,2019-12-31,994.0,889,0,0,2026-01-29
858,Toribio Llobet,toribio.llobet858,16,2010-03-24,Masculino,Costacabana,Andalusia,Espanha,PC,RPG,13,2023-12-19,303.4,147,14,438.69,2026-05-30
859,Juri Conradi,juri.conradi859,41,1985-03-06,Masculino,Oeversee,SH,Alemanha,Xbox,Aventura,8,2021-04-26,193.3,95,0,0,2025-11-19
860,Fernanda Sales,fernanda.sales860,47,1979-03-26,Feminino,Volta Grande,MG,Brasil,PC,MOBA,12,2017-03-16,291.8,488,16,528.49,2025-10-13
861,Kevin Anderson,kevin.anderson861,46,1979-10-08,Masculino,Finneytown,OH,Estados Unidos,Xbox,Aventura,22,2015-07-11,549.7,289,0,0,2025-09-21
862,Agustín Collado,agustin.collado862,31,1994-12-06,Masculino,Benillup,V,Espanha,PlayStation,Survival,56,2023-05-26,1389.0,386,0,0,2026-02-02
863,Alexis Waller,alexis.waller863,21,2004-09-14,Masculino,Sellersville,PA,Estados Unidos,Mobile,MOBA,6,2023-06-05,144.5,238,6,204.4,2026-01-15
864,James Reynolds,james.reynolds864,34,1991-12-01,Masculino,Cameron Heights,AB,Canadá,PlayStation,Esportes,3,2026-05-17,50.0,26,0,0,2026-05-25
865,Melissa Smith,melissa.smith865,52,1974-06-15,Feminino,Big Pine,CA,Estados Unidos,Xbox,Aventura,7,2011-10-29,154.1,67,0,0,2026-05-09
866,Misty Fritz,misty.fritz866,20,2006-08-28,Feminino,Lake Placid,FL,Estados Unidos,PC,Luta,5,2024-11-11,121.0,114,8,304.2,2026-07-09
867,Danilo Palumbo,danilo.palumbo867,43,1982-12-07,Masculino,Verrua Po,Lombardy,Itália,Xbox,Esportes,10,2021-11-05,227.3,346,0,0,2026-08-27
868,Henry Rios,henry.rios868,30,1995-12-27,Masculino,Barbacena,MG,Brasil,Xbox,RPG,2,2024-11-14,31.7,21,0,0,2026-06-04
869,Tomasa Monreal,tomasa.monreal869,35,1990-09-30,Feminino,Pliego,MU,Espanha,PC,Estratégia,15,2024-02-18,353.0,213,18,458.29,2025-10-26
870,Sophia Zoppetti,sophia.zoppetti870,33,1992-11-02,Feminino,Viadana,Lombardy,Itália,PC,Estratégia,14,2018-09-21,333.0,229,20,543.27,2025-09-09
871,Anthony Rocha,anthony.rocha871,17,2009-06-27,Masculino,Utakarra,WA,Austrália,PC,Estratégia,23,2022-11-09,569.8,464,23,778.06,2026-06-18
872,Teresa Gillespie,teresa.gillespie872,45,1981-02-11,Feminino,Boca Raton,FL,Estados Unidos,Xbox,Aventura,13,2011-04-13,318.5,110,3,54.79,2026-02-22
873,Ashley Vaughn,ashley.vaughn873,40,1986-02-12,Feminino,Le Grand,CA,Estados Unidos,Xbox,Corrida,27,2022-08-15,658.4,709,9,324.19,2025-09-28
874,Rico Vidal,rico.vidal874,40,1986-01-05,Masculino,Navas de Oro,Castille and León,Espanha,PC,MOBA,8,2023-08-09,178.1,249,19,538.28,2026-04-19
875,Lívia Vieira,livia.vieira875,41,1984-12-28,Feminino,São Pedro da União,MG,Brasil,PC,Esportes,14,2018-11-02,336.6,347,1,19.9,2025-10-05
876,Matthew Moon,matthew.moon876,43,1982-11-12,Masculino,Hanover,OH,Estados Unidos,PlayStation,FPS,46,2014-11-30,1137.0,713,27,742.48,2025-10-17
877,Stephen Rice,stephen.rice877,21,2005-03-25,Masculino,Yale,MI,Estados Unidos,PC,FPS,1,2026-07-26,9.3,9,0,0,2026-07-31
878,Emily Richards,emily.richards878,29,1997-05-08,Feminino,Richmond,MA,Estados Unidos,PlayStation,Simulação,16,2022-07-17,399.9,143,0,0,2025-09-11
879,Angelo Strangio,angelo.strangio879,34,1992-02-20,Masculino,Monteu da Po,Piedmont,Itália,PlayStation,Aventura,4,2025-04-24,92.1,46,0,0,2026-06-10
880,Maximo Sanchez,maximo.sanchez880,54,1972-05-18,Masculino,Tristán Suárez,B,Argentina,PlayStation,Esportes,100,2013-04-10,2841.8,2087,0,0,2025-11-05
881,Venancio Flaiano,venancio.flaiano881,31,1995-07-22,Masculino,Isoverde,42,Itália,PlayStation,Aventura,24,2023-11-27,587.4,318,13,383.79,2025-12-03
882,Hilary Nelson,hilary.nelson882,16,2010-04-13,Feminino,Colmworth,ENG,Reino Unido,PC,MOBA,1,2025-11-29,6.2,7,0,0,2025-12-10
883,Beppe Toscani,beppe.toscani883,33,1993-01-17,Masculino,Teano,72,Itália,Mobile,MOBA,8,2019-07-20,175.1,81,7,264.3,2025-11-13
884,William Singh,william.singh884,41,1985-06-11,Masculino,Nipigon,ON,Canadá,PC,RPG,28,2011-07-14,688.6,649,0,0,2025-10-06
885,Manon Lebreton,manon.lebreton885,52,1973-09-28,Feminino,Saint-Laurent-sur-Saône,Rhône-Alpes,França,Xbox,FPS,56,2020-02-20,1376.0,702,0,0,2026-04-15
886,Hugo Bermúdez,hugo.bermudez886,25,2001-06-24,Masculino,Yahualica de González Gallo,JAL,México,PlayStation,RPG,9,2021-04-19,224.6,62,6,234.4,2025-12-17
887,Sinaida Peukert,sinaida.peukert887,40,1986-01-17,Feminino,Maihingen,Bavaria,Alemanha,PC,Corrida,26,2014-08-13,634.6,494,0,0,2026-07-16
888,Telemaco Zichichi,telemaco.zichichi888,40,1985-12-12,Masculino,Pompu,Sardinia,Itália,Xbox,Corrida,2,2025-05-19,43.9,68,2,159.8,2026-07-17
889,Juliana Heuser,juliana.heuser889,41,1985-01-20,Feminino,Münster,Bavaria,Alemanha,Xbox,Esportes,10,2017-05-26,243.0,193,18,513.47,2025-10-31
890,Andrés Castellanos,andres.castellanos890,19,2006-12-29,Masculino,Transporte,DUR,México,Xbox,Ação,9,2023-12-07,207.5,163,6,169.58,2026-06-12
891,Ernesto Rosas,ernesto.rosas891,36,1990-02-03,Masculino,Monte Calvario,MEX,México,PlayStation,Survival,19,2022-10-31,460.9,146,2,139.8,2025-12-06
892,Otto Câmara,otto.camara892,55,1971-07-15,Masculino,Cabaceiras,PB,Brasil,PlayStation,Simulação,16,2025-05-21,380.5,162,0,0,2025-10-16
893,Paul Royer,paul.royer893,37,1988-09-06,Masculino,Saint-Médard-en-Jalles,New Aquitaine,França,PC,RPG,100,2020-03-25,3039.0,1502,23,752.88,2025-11-01
894,Maricela Castro,maricela.castro894,29,1997-06-22,Feminino,Calanda,AR,Espanha,PC,Estratégia,20,2024-03-03,482.3,161,1,9.9,2025-09-17
895,Julio Falcó,julio.falco895,39,1987-04-27,Masculino,Morata de Jiloca,AR,Espanha,Xbox,Esportes,8,2020-06-15,196.6,109,0,0,2025-11-17
896,Shawn Shah,shawn.shah896,19,2007-03-11,Masculino,Denmark,WA,Austrália,PlayStation,FPS,17,2022-03-22,401.3,423,0,0,2026-01-04
897,Karolin Röhricht,karolin.rohricht897,37,1988-10-12,Feminino,Herscheid,North Rhine-Westphalia,Alemanha,PC,MOBA,9,2025-04-15,212.1,149,1,79.9,2025-12-22
898,Piergiuseppe Jovinelli,piergiuseppe.jovinelli898,55,1970-12-01,Masculino,Senorbì,Sardinia,Itália,PlayStation,Ação,100,2011-06-20,5585.9,2328,28,812.56,2025-12-30
899,Jolanda Solimena,jolanda.solimena899,24,2001-11-07,Feminino,Crocetta,Piedmont,Itália,Xbox,Survival,21,2016-12-07,505.9,156,11,349.08,2026-03-11
900,Jorge Luis Urrutia,jorge.luis.urrutia900,22,2004-02-04,Masculino,Pijijiapan,CHP,México,Xbox,Esportes,14,2017-02-24,327.7,363,1,19.9,2026-02-13
901,Wayne Vasquez,wayne.vasquez901,36,1990-04-03,Masculino,Clare,MI,Estados Unidos,PlayStation,FPS,21,2019-04-21,516.1,274,0,0,2025-09-02
902,Silvestre Jara,silvestre.jara902,41,1985-07-18,Masculino,Tarancón,Castille-La Mancha,Espanha,PlayStation,Corrida,13,2014-05-15,304.3,551,12,139.16,2026-03-19
903,Aurélie Vidal,aurelie.vidal903,19,2006-11-15,Feminino,Azé,CVL,França,Xbox,Simulação,41,2022-12-08,1001.7,628,5,124.59,2026-05-30
904,Stéphane Bouvet,stephane.bouvet904,39,1987-08-13,Masculino,Laroque,OCC,França,Xbox,Ação,29,2017-10-31,704.1,536,1,14.9,2026-07-18
905,Hortense Pages,hortense.pages905,50,1976-07-23,Feminino,Le Bignon,Pays de la Loire,França,Xbox,Corrida,22,2016-05-05,544.5,305,26,982.49,2025-11-03
906,Teresa Argurio,teresa.argurio906,41,1985-06-04,Feminino,Assemini,Sardinia,Itália,Xbox,Luta,1,2020-01-10,22.5,73,0,0,2026-06-12
907,Susan Carter,susan.carter907,39,1987-02-24,Feminino,Saint-Jacques,QC,Canadá,PlayStation,Aventura,100,2011-06-23,3224.9,1274,0,0,2026-08-27
908,Donna Tafuri,donna.tafuri908,55,1971-06-02,Feminino,Ciano,34,Itália,PlayStation,RPG,9,2019-04-29,212.9,101,0,0,2026-08-19
909,Heinz-Jürgen Gotthard,heinz-jurgen.gotthard909,36,1990-04-01,Masculino,Nienberge,North Rhine-Westphalia,Alemanha,Xbox,Corrida,26,2013-05-24,640.9,374,0,0,2025-11-09
910,Miguel Parker,miguel.parker910,47,1978-10-23,Masculino,Cleveland,OH,Estados Unidos,Xbox,Esportes,4,2025-08-23,91.2,53,5,49.77,2026-05-21
911,Adelasia Agostinelli,adelasia.agostinelli911,46,1980-07-21,Feminino,Campli,65,Itália,PC,Luta,100,2011-03-21,2551.0,1919,15,563.59,2026-04-03
912,Hans-Georg Rädel,hans-georg.radel912,36,1990-01-13,Masculino,Sankt Goar,RP,Alemanha,PC,Estratégia,34,2023-04-08,827.2,294,0,0,2026-01-25
913,Zoe Caldeira,zoe.caldeira913,46,1980-06-22,Feminino,Belterra,PA,Brasil,PlayStation,Ação,97,2017-07-04,2408.1,1140,0,0,2026-07-29
914,Michael Kane,michael.kane914,55,1970-11-06,Masculino,Norton,OH,Estados Unidos,PC,Esportes,1,2026-07-27,10.4,6,0,0,2026-08-02
915,Kristin Peterson,kristin.peterson915,54,1972-07-04,Feminino,Shawnessy,AB,Canadá,PlayStation,FPS,56,2011-03-12,1398.9,821,0,0,2025-10-27
916,Gillian Atkinson,gillian.atkinson916,18,2008-03-08,Feminino,Ridlington,ENG,Reino Unido,PlayStation,Ação,18,2022-07-25,443.7,318,23,668.06,2026-08-11
917,Bernadette Godard,bernadette.godard917,35,1991-02-03,Feminino,Beaumont-du-Périgord,New Aquitaine,França,Mobile,MOBA,19,2024-11-17,468.4,189,0,0,2026-03-11
918,María Jesús Alcaraz,maria.jesus.alcaraz918,47,1978-09-07,Feminino,Ribadumia,Galicia,Espanha,PlayStation,Simulação,30,2013-03-11,748.8,467,0,0,2026-04-06
919,Custodia Manzanares,custodia.manzanares919,49,1977-07-04,Feminino,Carrión de los Condes,Castille and León,Espanha,PlayStation,Simulação,42,2016-09-06,1043.2,385,0,0,2026-07-21
920,Caitlyn Moore,caitlyn.moore920,18,2007-11-26,Feminino,Kensington,PA,Estados Unidos,PlayStation,Ação,2,2023-04-05,33.5,15,0,0,2025-11-10
921,Lucca Azevedo,lucca.azevedo921,48,1978-01-12,Masculino,Bernardino Batista,PB,Brasil,Xbox,Esportes,17,2015-11-27,413.8,230,9,279.19,2026-07-03
922,Ludwina Kostolzin,ludwina.kostolzin922,34,1992-01-18,Feminino,Breitenbrunn,Bavaria,Alemanha,PlayStation,Aventura,85,2013-05-15,2123.1,1194,16,453.49,2026-02-10
923,Resi Häring,resi.haring923,34,1992-03-15,Feminino,Schifferstadt,RP,Alemanha,Xbox,RPG,8,2024-08-24,197.0,82,7,234.39,2026-08-06
924,Ricardo Galarza,ricardo.galarza924,55,1971-02-12,Masculino,Banámichi,SON,México,PC,Esportes,28,2014-10-14,688.8,1311,18,473.38,2025-11-28
925,Arturo Pichardo,arturo.pichardo925,50,1975-09-21,Masculino,Temoaya,MEX,México,PC,Estratégia,10,2019-09-21,230.1,77,5,129.59,2026-06-19
926,Adam Andrews,adam.andrews926,51,1974-12-02,Masculino,Wrightsville,PA,Estados Unidos,PC,Estratégia,9,2024-01-15,216.3,127,0,0,2025-12-28
927,Cintia Artigas,cintia.artigas927,17,2009-08-30,Feminino,Adeje,Canary Islands,Espanha,Xbox,FPS,7,2023-10-19,172.5,387,0,0,2026-05-28
928,Sonia Tur,sonia.tur928,27,1999-01-09,Feminino,San Roque,Andalusia,Espanha,Xbox,Ação,5,2022-07-10,122.7,62,3,79.7,2026-02-11
929,Lilian Stoll,lilian.stoll929,55,1971-08-26,Feminino,Allstedt,Saxony-Anhalt,Alemanha,PC,Luta,7,2020-09-25,171.6,184,5,89.5,2026-02-28
930,Russell Clayton,russell.clayton930,47,1978-11-08,Masculino,Vandergrift,PA,Estados Unidos,PC,Corrida,1,2026-07-22,17.1,13,1,19.9,2026-08-18
931,Michela Gussoni,michela.gussoni931,20,2006-03-04,Feminino,Lusiana,34,Itália,PC,Simulação,2,2025-08-17,26.9,12,1,29.9,2026-06-27
932,Martine Morel,martine.morel932,18,2008-08-05,Feminino,Baincthun,HDF,França,PC,Corrida,9,2023-10-20,206.2,469,0,0,2026-03-25
933,Abigail Mateo,abigail.mateo933,48,1977-09-09,Feminino,San Gaspar Tlahuelilpan,MEX,México,PlayStation,Simulação,100,2014-09-27,4315.4,1546,0,0,2026-02-12
934,David Hester,david.hester934,19,2007-01-03,Masculino,Cecil-Bishop,PA,Estados Unidos,PC,Luta,3,2024-09-12,63.5,65,0,0,2025-12-21
935,Flavio Garrone,flavio.garrone935,31,1995-01-20,Masculino,Castelletto d'Erro,Piedmont,Itália,PC,FPS,80,2014-04-11,1983.9,1312,0,0,2026-05-01
936,Christopher Brown,christopher.brown936,29,1997-06-21,Masculino,Port Douglas,QLD,Austrália,PlayStation,Simulação,64,2014-01-23,1587.8,593,0,0,2026-01-11
937,Susana Olivares,susana.olivares937,44,1982-07-10,Feminino,Mier,TAM,México,PlayStation,Survival,2,2024-04-03,40.5,17,0,0,2025-11-21
938,Erick Cardoso,erick.cardoso938,40,1986-06-17,Masculino,General Maynard,SE,Brasil,PlayStation,Aventura,88,2015-10-05,2176.5,1106,11,338.99,2025-11-12
939,Vidal Espada,vidal.espada939,25,2001-08-11,Masculino,Barbués,AR,Espanha,PC,Corrida,4,2017-02-28,91.7,91,0,0,2025-12-09
940,Guilherme Fogaça,guilherme.fogaca940,42,1984-01-10,Masculino,Queimadas,BA,Brasil,PlayStation,Corrida,13,2024-04-23,310.2,372,0,0,2026-06-07
941,Olivia Torres,olivia.torres941,16,2010-02-22,Feminino,San Juan de la Vaquería,Coahuila,México,Xbox,Ação,6,2026-01-20,131.5,62,0,0,2026-03-06
942,Marisa Buendía,marisa.buendia942,17,2008-11-03,Feminino,Alfarp,V,Espanha,Xbox,Corrida,8,2023-07-27,194.1,136,0,0,2026-03-31
943,Blanka Schottin,blanka.schottin943,55,1971-08-30,Feminino,Bad Laer,Lower Saxony,Alemanha,Mobile,MOBA,6,2013-09-10,128.6,237,7,214.39,2026-02-05
944,Gabrielly Correia,gabrielly.correia944,40,1986-02-11,Feminino,Cláudia,MT,Brasil,PC,Survival,77,2014-04-12,1903.7,763,11,368.99,2025-12-06
945,Hans-Georg Wagenknecht,hans-georg.wagenknecht945,16,2010-03-16,Masculino,Baiersbronn,BW,Alemanha,PC,Estratégia,20,2023-04-13,476.1,302,7,274.39,2026-03-04
946,Abraham Haro,abraham.haro946,36,1989-11-02,Masculino,Lázaro Cárdenas (Rancho Grande),ZAC,México,PlayStation,Survival,19,2024-07-03,455.1,152,11,399.08,2026-03-26
947,Giuseppina Bossi,giuseppina.bossi947,50,1976-03-22,Feminino,Montan-Angelin-Arensod,Aosta Valley,Itália,Xbox,Survival,100,2013-08-13,2525.5,957,16,593.49,2026-07-05
948,Samu Juárez,samu.juarez948,28,1998-07-22,Masculino,Villamartín de Campos,Castille and León,Espanha,PC,Survival,19,2021-02-07,464.2,197,8,144.2,2026-06-08
949,Kathryn Miller,kathryn.miller949,37,1989-03-21,Feminino,Smokey Point,WA,Estados Unidos,Xbox,Simulação,8,2018-09-29,178.8,138,0,0,2026-02-26
950,Miranda Porter,miranda.porter950,27,1998-10-01,Feminino,Macleod,VIC,Austrália,PlayStation,FPS,17,2015-02-04,407.8,205,0,0,2025-10-17
951,Latoya Wright,latoya.wright951,38,1987-12-25,Feminino,Andalusia,AL,Estados Unidos,PlayStation,Ação,21,2024-08-28,521.0,248,16,558.76,2026-04-27
952,Joseph Marsh,joseph.marsh952,43,1983-04-06,Masculino,Paisley,SCT,Reino Unido,PlayStation,Esportes,1,2026-06-17,1.6,2,1,14.9,2026-07-20
953,Serena Gabbana,serena.gabbana953,55,1970-10-24,Feminino,Angri,72,Itália,PlayStation,Aventura,80,2015-05-04,1990.4,1239,23,818.15,2026-01-08
954,Patricia Thompson,patricia.thompson954,37,1988-10-24,Feminino,Strathdale,VIC,Austrália,PC,Estratégia,14,2021-12-31,344.8,123,0,0,2026-01-18
955,Allen Gillespie,allen.gillespie955,33,1993-01-05,Masculino,Germantown,OH,Estados Unidos,PC,Simulação,93,2019-09-16,2306.4,1054,13,618.79,2026-05-25
956,Morgan Andrews,morgan.andrews956,49,1977-06-05,Feminino,Shoals,IN,Estados Unidos,PlayStation,RPG,74,2021-04-10,1845.5,734,0,0,2026-06-17
957,Berenice Casaleggio,berenice.casaleggio957,26,2000-05-29,Feminino,Ravarino,45,Itália,PlayStation,FPS,29,2021-09-23,721.7,786,26,977.4,2026-01-27
958,Ninetta Interminei,ninetta.interminei958,23,2003-05-13,Feminino,Clusane,Lombardy,Itália,Xbox,Corrida,7,2021-12-09,171.8,99,0,0,2025-12-13
959,Giacomo Treves,giacomo.treves959,28,1998-01-24,Masculino,Villa Sant'Antonio,Sardinia,Itália,PlayStation,FPS,30,2020-07-25,746.9,808,16,488.58,2025-12-02
960,Donna Gray,donna.gray960,49,1977-06-21,Feminino,Christina Lake,BC,Canadá,PC,Luta,6,2020-03-21,148.8,288,11,229.17,2025-10-11
961,Jill Gordon,jill.gordon961,42,1984-02-07,Feminino,Springfield,NE,Estados Unidos,PC,MOBA,2,2023-10-20,48.1,85,0,0,2026-03-21
962,Diana Bixio,diana.bixio962,18,2008-03-11,Feminino,Grosio,Lombardy,Itália,Mobile,MOBA,1,2025-08-23,12.2,17,1,4.99,2026-05-23
963,Antonella Cafarchia,antonella.cafarchia963,47,1979-06-07,Feminino,Stimigliano,62,Itália,Xbox,RPG,5,2025-01-27,114.6,62,2,119.8,2025-12-03
964,Ivonne Huerta,ivonne.huerta964,23,2003-07-28,Feminino,Capitán Luis Ángel Vidal,CHP,México,Xbox,Survival,7,2024-05-22,171.0,64,0,0,2025-12-24
965,Michael Ellis,michael.ellis965,28,1998-08-25,Masculino,Southbank,VIC,Austrália,PC,Estratégia,7,2025-01-01,170.3,69,0,0,2026-03-02
966,Quirino Feijoo,quirino.feijoo966,54,1972-06-07,Masculino,Cala d'Or,Balearic Islands,Espanha,PlayStation,Simulação,100,2017-03-24,4892.2,2094,15,723.59,2026-04-05
967,Wenzel Nohlmans,wenzel.nohlmans967,43,1982-11-18,Masculino,Moorenweis,Bavaria,Alemanha,PC,Estratégia,89,2019-06-01,2205.2,771,20,768.18,2025-10-12
968,Luke Cross,luke.cross968,42,1984-07-25,Masculino,Old City,PA,Estados Unidos,Mobile,MOBA,26,2021-10-06,649.1,503,0,0,2026-04-21
969,Bienvenida Abascal,bienvenida.abascal969,41,1984-12-28,Feminino,Angüés,AR,Espanha,Xbox,FPS,1,2018-09-11,2.3,2,1,79.9,2026-04-06
970,Donatello Pacillo,donatello.pacillo970,41,1985-04-10,Masculino,Sant'Angelo,72,Itália,PC,Survival,25,2023-05-20,602.0,403,10,304.18,2025-11-03
971,Albert Villegas,albert.villegas971,28,1998-05-09,Masculino,Elgeta,Basque Country,Espanha,PC,Luta,21,2018-08-07,519.4,564,19,598.28,2026-08-26
972,Jaqueline Flantz,jaqueline.flantz972,49,1976-11-26,Feminino,Taufkirchen,Bavaria,Alemanha,Xbox,Survival,43,2013-01-23,1066.3,240,10,409.09,2026-03-17
973,Nayara Heras,nayara.heras973,18,2007-11-04,Feminino,Villar de Plasencia,EX,Espanha,PC,Aventura,1,2026-01-29,2.6,2,0,0,2026-03-09
974,Miguel Baca,miguel.baca974,29,1996-12-10,Masculino,Laguna de Santa Rita,SLP,México,PC,FPS,20,2010-03-14,483.6,375,0,0,2026-05-31
975,Taylor Durham,taylor.durham975,30,1996-03-22,Feminino,Derma,MS,Estados Unidos,Xbox,FPS,1,2013-07-21,19.8,12,1,59.9,2026-05-06
976,Suzanne Bonneau,suzanne.bonneau976,33,1993-08-12,Feminino,Fougères,Brittany,França,PlayStation,Aventura,18,2017-11-24,445.0,165,0,0,2026-08-15
977,Alexandre Bourdon,alexandre.bourdon977,53,1973-08-30,Masculino,Saint-Augustin,IDF,França,PlayStation,Corrida,8,2018-12-01,194.7,432,0,0,2026-07-12
978,Alina Pirandello,alina.pirandello978,52,1973-10-27,Feminino,Pianengo,Lombardy,Itália,Xbox,Aventura,100,2010-10-27,3391.0,1372,0,0,2026-07-01
979,Brenda Nichols,brenda.nichols979,16,2010-02-22,Feminino,Woodbury,TN,Estados Unidos,PC,Luta,12,2024-04-04,293.5,346,0,0,2025-10-21
980,Rodolfo Parini,rodolfo.parini980,24,2002-08-06,Masculino,Bivio Santa Cecilia,72,Itália,Xbox,Luta,6,2016-05-10,129.7,218,13,358.88,2026-05-02
981,Perla Villanueva,perla.villanueva981,31,1994-09-20,Feminino,Villa Talea de Castro,OAX,México,PC,MOBA,15,2025-09-19,351.1,153,6,264.4,2026-03-21
982,Donald Phillips,donald.phillips982,27,1999-03-07,Masculino,Skippack,PA,Estados Unidos,PC,Estratégia,80,2016-12-28,1997.5,737,24,867.87,2026-05-12
983,Gilles Guillon,gilles.guillon983,33,1993-02-06,Masculino,Vecoux,Grand Est,França,PlayStation,Corrida,5,2022-10-04,117.1,69,3,34.7,2026-06-14
984,Federico Dulbecco,federico.dulbecco984,31,1995-04-23,Masculino,Coccaglio,Lombardy,Itália,PC,FPS,26,2011-02-07,642.2,703,26,712.58,2026-07-03
985,Sophie Carvalho,sophie.carvalho985,45,1981-03-21,Feminino,Bom Jesus da Penha,MG,Brasil,Xbox,Luta,10,2025-02-23,248.4,209,0,0,2026-01-13
986,Robert Bouvet,robert.bouvet986,29,1996-11-13,Masculino,Buxy,Bourgogne,França,Xbox,Simulação,73,2020-09-22,1820.3,787,3,109.7,2025-10-04
987,Arnaldo Cianciolo,arnaldo.cianciolo987,40,1986-04-13,Masculino,Monte Colombo,45,Itália,Xbox,Simulação,100,2010-08-02,5608.6,1804,6,169.49,2025-09-21
988,James Walker,james.walker988,52,1974-01-28,Masculino,Paducah,KY,Estados Unidos,Xbox,Survival,13,2024-07-20,308.2,259,10,229.09,2026-04-28
989,Roberta Palombi,roberta.palombi989,35,1991-01-16,Feminino,Sandigliano,Piedmont,Itália,PC,Corrida,1,2012-05-09,2.7,2,0,0,2025-11-13
990,Kari Flynn,kari.flynn990,48,1978-04-27,Feminino,Roseville,CA,Estados Unidos,Mobile,MOBA,74,2013-05-05,1828.2,753,25,957.86,2025-10-25
991,Guillermina Barrios,guillermina.barrios991,28,1998-05-12,Feminino,Villa de las Rosas,X,Argentina,PlayStation,Simulação,50,2016-12-19,1227.1,887,0,0,2026-06-25
992,Trevor Mcdaniel,trevor.mcdaniel992,25,2001-04-17,Masculino,Indian Heights,IN,Estados Unidos,PlayStation,Aventura,6,2017-06-23,144.8,68,1,39.9,2026-08-30
993,Pilar Ojeda,pilar.ojeda993,54,1972-04-29,Feminino,Río Ceballos,X,Argentina,PC,Estratégia,4,2022-10-07,84.1,70,0,0,2026-01-05
994,Jérôme Petitjean,jerome.petitjean994,38,1987-09-04,Masculino,Saint-Siméon-de-Bressieux,Rhône-Alpes,França,Xbox,Esportes,23,2017-07-24,560.1,380,0,0,2026-01-04
995,Rómulo Esteve,romulo.esteve995,45,1981-03-04,Masculino,Agoncillo,RI,Espanha,Xbox,Survival,100,2012-07-24,3252.8,1953,0,0,2026-03-21
996,Josué Melo,josue.melo996,46,1979-09-14,Masculino,Itororó,BA,Brasil,PlayStation,FPS,73,2011-04-20,1806.6,2194,22,657.98,2026-03-29
997,Kathryn Holloway,kathryn.holloway997,46,1980-05-06,Feminino,Centerport,NY,Estados Unidos,Xbox,Simulação,23,2019-03-03,567.2,284,0,0,2026-04-02
998,James Davis,james.davis998,25,2001-08-31,Masculino,Dillingham,AK,Estados Unidos,PlayStation,Survival,16,2024-10-08,380.8,259,3,54.7,2026-08-13
999,Ángel Salas,angel.salas999,53,1973-04-22,Masculino,Petra,Balearic Islands,Espanha,PlayStation,Survival,93,2019-12-01,2317.1,970,22,968.07,2026-03-06
1000,Baldomero Llopis,baldomero.llopis1000,31,1994-09-29,Masculino,Mohedas de la Jara,Castille-La Mancha,Espanha,PlayStation,Esportes,59,2016-05-11,1473.2,776,0,0,2026-03-05
